#
# A fatal error has been detected by the Java Runtime Environment:
#
#  SIGSEGV (0xb) at pc=0x00007c9a3040360e, pid=2225185, tid=2225306
#
# JRE version: OpenJDK Runtime Environment (17.0.19+10) (build 17.0.19+10-1-26.04.2-Ubuntu)
# Java VM: OpenJDK 64-Bit Server VM (17.0.19+10-1-26.04.2-Ubuntu, mixed mode, sharing, tiered, compressed oops, compressed class ptrs, g1 gc, linux-amd64)
# Problematic frame:
# C  [libEGL_nvidia.so.0+0xb660e]
#
# Core dump will be written. Default location: Core dumps may be processed with "/usr/lib/systemd/systemd-coredump %P %u %g %s %t %c %h %d %F" (or dumping to /home/jw/src/bauhaus-echo/assets/core.2225185)
#
# If you would like to submit a bug report, please visit:
#   https://bugs.launchpad.net/ubuntu/+source/openjdk-17
#

---------------  S U M M A R Y ------------

Command Line: com.suchsoftware.bauhausecho.lwjgl3.Lwjgl3ScreensaverLauncher --wallpaper

Host: Intel(R) Core(TM) i7-14700HX, 28 cores, 123G, Ubuntu 26.04 LTS
Time: Sat Jul 25 09:25:59 2026 EDT elapsed time: 236.960801 seconds (0d 0h 3m 56s)

---------------  T H R E A D  ---------------

Current thread is native thread

Stack: [0x00007c99ea7fe000,0x00007c99eaffe000],  sp=0x00007c99eaffce00,  free space=8187k
Native frames: (J=compiled Java code, j=interpreted, Vv=VM code, C=native code)
C  [libEGL_nvidia.so.0+0xb660e]


siginfo: si_signo: 11 (SIGSEGV), si_code: 1 (SEGV_MAPERR), si_addr: 0x0000000000000040

Registers:
RAX=0x0000000000000000, RBX=0x00007c99da80f480, RCX=0x0000000000000001, RDX=0x00007c99dbf7e81c
RSP=0x00007c99eaffce00, RBP=0x00007c9af589fa40, RSI=0x00007c9a303f6840, RDI=0x00007c9a3048f4a8
R8 =0x00007c99fc10a230, R9 =0x0000000000000000, R10=0x0000000000000000, R11=0x0000000000000000
R12=0x00007c99dbf83aa0, R13=0x00007c9af589fa40, R14=0x00007c9af61c0d80, R15=0x0000000000000000
RIP=0x00007c9a3040360e, EFLAGS=0x0000000000010202, CSGSFS=0x002b000000000033, ERR=0x0000000000000004
  TRAPNO=0x000000000000000e

XMM[0]=0x0000000000000000 0x000000004d619104
XMM[1]=0x0000000000000000 0x00007c99e4006620
XMM[2]=0x0000000000000000 0x00000000000000ff
XMM[3]=0x0000000000000000 0x0000000000000010
XMM[4]=0x0000000000000000 0x0000000000000000
XMM[5]=0x0000000000000000 0x0000000000000000
XMM[6]=0x0000000000000000 0x00007c99e4000038
XMM[7]=0x0000000000000000 0x0000000000000000
XMM[8]=0x0000000000000000 0x00000000ff000000
XMM[9]=0x131f02180b000267 0x2232362637281833
XMM[10]=0x2922342235371813 0x1f02180b00026734
XMM[11]=0x002bbe2701a7da47 0x01327d6501e610ed
XMM[12]=0x0000000000000000 0x0000000000000000
XMM[13]=0x0000000000000000 0x0000000000000000
XMM[14]=0x0c0f0e0d080b0a09 0x0407060500030201
XMM[15]=0x0000000000000000 0x0000000000000000
  MXCSR=0x00001fa0


Top of Stack: (sp=0x00007c99eaffce00)
0x00007c99eaffce00:   00007c99dbf80900 00007c99da81108a
0x00007c99eaffce10:   00007c99dbf80900 00007c99da63731f
0x00007c99eaffce20:   00007c9af47a5f80 00007c99dbf2cd00
0x00007c99eaffce30:   00007c99eaffd6c0 00017c9900000000
0x00007c99eaffce40:   00007c99eaffd6c0 00007c9af61c0d80
0x00007c99eaffce50:   00007c99da812530 00007c99eaffd6c0
0x00007c99eaffce60:   00007c9af9ffc130 00007c99eaffdce4
0x00007c99eaffce70:   00007c9af9ffc237 00007c99da81350a
0x00007c99eaffce80:   00007c99eaffd6c0 00007c99eaffd6c0
0x00007c99eaffce90:   00007c99eaffcf70 00007c9afb8a40da
0x00007c99eaffcea0:   0000000000000000 0000000000801000
0x00007c99eaffceb0:   00007c99ea7fd000 0000000000000000
0x00007c99eaffcec0:   ffffffffffffff40 0000000000000000
0x00007c99eaffced0:   0000000000000021 00007c99eaffd6c0
0x00007c99eaffcee0:   00007c99eaffd6c0 003ed91a7cd868f8
0x00007c99eaffcef0:   00007c99eaffd6c0 00007c9af9ffc130
0x00007c99eaffcf00:   0000000000000002 00007c9af9ffc237
0x00007c99eaffcf10:   003ed91a7f7868f8 0038fbf19f8a68f8
0x00007c99eaffcf20:   0000000000000000 0000000000000000
0x00007c99eaffcf30:   0000000000000000 0000000000000000
0x00007c99eaffcf40:   0000000000000000 542c80d0ee9cdf00
0x00007c99eaffcf50:   0000000000000000 00007c9afb8a3de0
0x00007c99eaffcf60:   0000000000000002 00007c9af9ffc237
0x00007c99eaffcf70:   0000000000000000 00007c9afb9377ac
0x00007c99eaffcf80:   0000000000000000 0000000000000000
0x00007c99eaffcf90:   0000000000000000 0000000000000000
0x00007c99eaffcfa0:   0000000000000000 0000000000000000
0x00007c99eaffcfb0:   0000000000000000 0000000000000000
0x00007c99eaffcfc0:   0000000000000000 0000000000000000
0x00007c99eaffcfd0:   0000000000000000 0000000000000000
0x00007c99eaffcfe0:   0000000000000000 0000000000000000
0x00007c99eaffcff0:   0000000000000000 0000000000000000 

Instructions: (pc=0x00007c9a3040360e)
0x00007c9a3040350e:   4c 24 08 48 85 c0 48 89 c2 74 61 48 89 08 49 8b
0x00007c9a3040351e:   44 24 40 48 83 c2 08 48 85 c0 74 41 41 8b 4c 24
0x00007c9a3040352e:   34 31 c0 85 c9 74 19 49 8b 74 24 40 89 c1 83 c0
0x00007c9a3040353e:   01 48 8b 34 ce 48 89 34 ca 41 39 44 24 34 77 e7
0x00007c9a3040354e:   49 8b 44 24 40 48 85 c0 74 13 48 8d 78 f8 48 89
0x00007c9a3040355e:   54 24 08 e8 1a a8 00 00 48 8b 54 24 08 45 89 7c
0x00007c9a3040356e:   24 34 49 89 54 24 40 e9 9a fe ff ff 45 8b 74 24
0x00007c9a3040357e:   34 e9 90 fe ff ff 66 2e 0f 1f 84 00 00 00 00 00
0x00007c9a3040358e:   66 90 48 8b 07 48 39 f0 74 58 55 48 89 fd 53 48
0x00007c9a3040359e:   89 f3 48 83 ec 08 48 85 c0 74 15 48 8d 78 08 ff
0x00007c9a304035ae:   50 18 85 c0 75 0a 48 8b 7d 00 48 8b 07 ff 50 08
0x00007c9a304035be:   48 89 5d 00 48 85 db 74 19 48 8b 43 10 48 83 c4
0x00007c9a304035ce:   08 48 8d 7b 08 5b 5d ff e0 66 0f 1f 84 00 00 00
0x00007c9a304035de:   00 00 48 83 c4 08 5b 5d c3 66 0f 1f 84 00 00 00
0x00007c9a304035ee:   00 00 c3 66 66 2e 0f 1f 84 00 00 00 00 00 0f 1f
0x00007c9a304035fe:   40 00 48 83 ec 08 bf 01 00 00 00 e8 62 4a ff ff
0x00007c9a3040360e:   8b 70 40 48 8d 78 30 48 83 c4 08 e9 62 68 f8 ff
0x00007c9a3040361e:   66 90 48 83 ec 18 48 8b 87 b0 04 00 00 ba 04 00
0x00007c9a3040362e:   00 00 be 01 00 00 00 48 8d 4c 24 0c bf 01 00 00
0x00007c9a3040363e:   00 ff 90 d8 00 00 00 48 83 c4 18 c3 66 0f 1f 44
0x00007c9a3040364e:   00 00 49 89 fa 41 89 d1 40 0f b6 fe 89 ca 49 8b
0x00007c9a3040365e:   82 b0 04 00 00 4c 89 c1 44 89 ce 48 8b 80 d8 00
0x00007c9a3040366e:   00 00 ff e0 66 66 2e 0f 1f 84 00 00 00 00 00 0f
0x00007c9a3040367e:   1f 00 55 40 0f b6 f6 53 48 89 fb 48 83 ec 08 48
0x00007c9a3040368e:   8b af b0 04 00 00 e8 b7 ff ff ff ff 95 00 01 00
0x00007c9a3040369e:   00 8b 10 89 53 28 48 83 c4 08 5b 5d c3 0f 1f 44
0x00007c9a304036ae:   00 00 41 57 41 56 49 89 fe bf 01 00 00 00 41 55
0x00007c9a304036be:   49 89 f5 41 54 55 53 48 83 ec 58 48 89 14 24 e8
0x00007c9a304036ce:   9e 49 ff ff 48 c7 44 24 18 00 00 00 00 83 b8 a0
0x00007c9a304036de:   04 00 00 03 4c 8b b8 b0 04 00 00 48 89 c3 44 8b
0x00007c9a304036ee:   60 38 0f 84 02 01 00 00 48 8d 4c 24 20 48 8d 70
0x00007c9a304036fe:   30 ba 01 00 00 00 48 89 cf 48 89 4c 24 08 e8 7f 



---------------  P R O C E S S  ---------------

VM state: at safepoint (shutting down)

VM Mutex/Monitor currently owned by a thread:  ([mutex/lock_event])
[0x00007c9af40156b0] Threads_lock - owner thread: 0x00007c9af41f79c0
[0x00007c9af4015e60] Heap_lock - owner thread: 0x00007c9a28000f30

Heap address: 0x0000000082000000, size: 30688 MB, Compressed Oops mode: Zero based, Oop shift amount: 3

CDS archive(s) mapped at: [0x00007c9a37000000-0x00007c9a37bc7000-0x00007c9a37bc7000), size 12349440, SharedBaseAddress: 0x00007c9a37000000, ArchiveRelocationMode: 1.
Compressed class space mapped at: 0x00007c9a38000000-0x00007c9a78000000, reserved size: 1073741824
Narrow klass base: 0x00007c9a37000000, Narrow klass shift: 0, Narrow klass range: 0x100000000

GC Precious Log:
<Skipped>

Heap:
 garbage-first heap   total 2064384K, used 81844K [0x0000000082000000, 0x0000000800000000)
  region size 16384K, 6 young (98304K), 0 survivors (0K)
 Metaspace       used 14770K, committed 14976K, reserved 1114112K
  class space    used 1387K, committed 1472K, reserved 1048576K

Heap Regions: E=young(eden), S=young(survivor), O=old, HS=humongous(starts), HC=humongous(continues), CS=collection set, F=free, OA=open archive, CA=closed archive, TAMS=top-at-mark-start (previous, next)
|   0|0x0000000082000000, 0x0000000082000000, 0x0000000083000000|  0%| F|  |TAMS 0x0000000082000000, 0x0000000082000000| Untracked 
|   1|0x0000000083000000, 0x0000000083000000, 0x0000000084000000|  0%| F|  |TAMS 0x0000000083000000, 0x0000000083000000| Untracked 
|   2|0x0000000084000000, 0x0000000084000000, 0x0000000085000000|  0%| F|  |TAMS 0x0000000084000000, 0x0000000084000000| Untracked 
|   3|0x0000000085000000, 0x0000000085000000, 0x0000000086000000|  0%| F|  |TAMS 0x0000000085000000, 0x0000000085000000| Untracked 
|   4|0x0000000086000000, 0x0000000086000000, 0x0000000087000000|  0%| F|  |TAMS 0x0000000086000000, 0x0000000086000000| Untracked 
|   5|0x0000000087000000, 0x0000000087000000, 0x0000000088000000|  0%| F|  |TAMS 0x0000000087000000, 0x0000000087000000| Untracked 
|   6|0x0000000088000000, 0x0000000088000000, 0x0000000089000000|  0%| F|  |TAMS 0x0000000088000000, 0x0000000088000000| Untracked 
|   7|0x0000000089000000, 0x0000000089000000, 0x000000008a000000|  0%| F|  |TAMS 0x0000000089000000, 0x0000000089000000| Untracked 
|   8|0x000000008a000000, 0x000000008a000000, 0x000000008b000000|  0%| F|  |TAMS 0x000000008a000000, 0x000000008a000000| Untracked 
|   9|0x000000008b000000, 0x000000008b000000, 0x000000008c000000|  0%| F|  |TAMS 0x000000008b000000, 0x000000008b000000| Untracked 
|  10|0x000000008c000000, 0x000000008c000000, 0x000000008d000000|  0%| F|  |TAMS 0x000000008c000000, 0x000000008c000000| Untracked 
|  11|0x000000008d000000, 0x000000008d000000, 0x000000008e000000|  0%| F|  |TAMS 0x000000008d000000, 0x000000008d000000| Untracked 
|  12|0x000000008e000000, 0x000000008e000000, 0x000000008f000000|  0%| F|  |TAMS 0x000000008e000000, 0x000000008e000000| Untracked 
|  13|0x000000008f000000, 0x000000008f000000, 0x0000000090000000|  0%| F|  |TAMS 0x000000008f000000, 0x000000008f000000| Untracked 
|  14|0x0000000090000000, 0x0000000090000000, 0x0000000091000000|  0%| F|  |TAMS 0x0000000090000000, 0x0000000090000000| Untracked 
|  15|0x0000000091000000, 0x0000000091000000, 0x0000000092000000|  0%| F|  |TAMS 0x0000000091000000, 0x0000000091000000| Untracked 
|  16|0x0000000092000000, 0x0000000092000000, 0x0000000093000000|  0%| F|  |TAMS 0x0000000092000000, 0x0000000092000000| Untracked 
|  17|0x0000000093000000, 0x0000000093000000, 0x0000000094000000|  0%| F|  |TAMS 0x0000000093000000, 0x0000000093000000| Untracked 
|  18|0x0000000094000000, 0x0000000094000000, 0x0000000095000000|  0%| F|  |TAMS 0x0000000094000000, 0x0000000094000000| Untracked 
|  19|0x0000000095000000, 0x0000000095000000, 0x0000000096000000|  0%| F|  |TAMS 0x0000000095000000, 0x0000000095000000| Untracked 
|  20|0x0000000096000000, 0x0000000096000000, 0x0000000097000000|  0%| F|  |TAMS 0x0000000096000000, 0x0000000096000000| Untracked 
|  21|0x0000000097000000, 0x0000000097000000, 0x0000000098000000|  0%| F|  |TAMS 0x0000000097000000, 0x0000000097000000| Untracked 
|  22|0x0000000098000000, 0x0000000098000000, 0x0000000099000000|  0%| F|  |TAMS 0x0000000098000000, 0x0000000098000000| Untracked 
|  23|0x0000000099000000, 0x0000000099000000, 0x000000009a000000|  0%| F|  |TAMS 0x0000000099000000, 0x0000000099000000| Untracked 
|  24|0x000000009a000000, 0x000000009a000000, 0x000000009b000000|  0%| F|  |TAMS 0x000000009a000000, 0x000000009a000000| Untracked 
|  25|0x000000009b000000, 0x000000009b000000, 0x000000009c000000|  0%| F|  |TAMS 0x000000009b000000, 0x000000009b000000| Untracked 
|  26|0x000000009c000000, 0x000000009c000000, 0x000000009d000000|  0%| F|  |TAMS 0x000000009c000000, 0x000000009c000000| Untracked 
|  27|0x000000009d000000, 0x000000009d000000, 0x000000009e000000|  0%| F|  |TAMS 0x000000009d000000, 0x000000009d000000| Untracked 
|  28|0x000000009e000000, 0x000000009e000000, 0x000000009f000000|  0%| F|  |TAMS 0x000000009e000000, 0x000000009e000000| Untracked 
|  29|0x000000009f000000, 0x000000009f000000, 0x00000000a0000000|  0%| F|  |TAMS 0x000000009f000000, 0x000000009f000000| Untracked 
|  30|0x00000000a0000000, 0x00000000a0000000, 0x00000000a1000000|  0%| F|  |TAMS 0x00000000a0000000, 0x00000000a0000000| Untracked 
|  31|0x00000000a1000000, 0x00000000a1000000, 0x00000000a2000000|  0%| F|  |TAMS 0x00000000a1000000, 0x00000000a1000000| Untracked 
|  32|0x00000000a2000000, 0x00000000a2000000, 0x00000000a3000000|  0%| F|  |TAMS 0x00000000a2000000, 0x00000000a2000000| Untracked 
|  33|0x00000000a3000000, 0x00000000a3000000, 0x00000000a4000000|  0%| F|  |TAMS 0x00000000a3000000, 0x00000000a3000000| Untracked 
|  34|0x00000000a4000000, 0x00000000a4000000, 0x00000000a5000000|  0%| F|  |TAMS 0x00000000a4000000, 0x00000000a4000000| Untracked 
|  35|0x00000000a5000000, 0x00000000a5000000, 0x00000000a6000000|  0%| F|  |TAMS 0x00000000a5000000, 0x00000000a5000000| Untracked 
|  36|0x00000000a6000000, 0x00000000a6000000, 0x00000000a7000000|  0%| F|  |TAMS 0x00000000a6000000, 0x00000000a6000000| Untracked 
|  37|0x00000000a7000000, 0x00000000a7000000, 0x00000000a8000000|  0%| F|  |TAMS 0x00000000a7000000, 0x00000000a7000000| Untracked 
|  38|0x00000000a8000000, 0x00000000a8000000, 0x00000000a9000000|  0%| F|  |TAMS 0x00000000a8000000, 0x00000000a8000000| Untracked 
|  39|0x00000000a9000000, 0x00000000a9000000, 0x00000000aa000000|  0%| F|  |TAMS 0x00000000a9000000, 0x00000000a9000000| Untracked 
|  40|0x00000000aa000000, 0x00000000aa000000, 0x00000000ab000000|  0%| F|  |TAMS 0x00000000aa000000, 0x00000000aa000000| Untracked 
|  41|0x00000000ab000000, 0x00000000ab000000, 0x00000000ac000000|  0%| F|  |TAMS 0x00000000ab000000, 0x00000000ab000000| Untracked 
|  42|0x00000000ac000000, 0x00000000ac000000, 0x00000000ad000000|  0%| F|  |TAMS 0x00000000ac000000, 0x00000000ac000000| Untracked 
|  43|0x00000000ad000000, 0x00000000ad000000, 0x00000000ae000000|  0%| F|  |TAMS 0x00000000ad000000, 0x00000000ad000000| Untracked 
|  44|0x00000000ae000000, 0x00000000ae000000, 0x00000000af000000|  0%| F|  |TAMS 0x00000000ae000000, 0x00000000ae000000| Untracked 
|  45|0x00000000af000000, 0x00000000af000000, 0x00000000b0000000|  0%| F|  |TAMS 0x00000000af000000, 0x00000000af000000| Untracked 
|  46|0x00000000b0000000, 0x00000000b0000000, 0x00000000b1000000|  0%| F|  |TAMS 0x00000000b0000000, 0x00000000b0000000| Untracked 
|  47|0x00000000b1000000, 0x00000000b1000000, 0x00000000b2000000|  0%| F|  |TAMS 0x00000000b1000000, 0x00000000b1000000| Untracked 
|  48|0x00000000b2000000, 0x00000000b2000000, 0x00000000b3000000|  0%| F|  |TAMS 0x00000000b2000000, 0x00000000b2000000| Untracked 
|  49|0x00000000b3000000, 0x00000000b3000000, 0x00000000b4000000|  0%| F|  |TAMS 0x00000000b3000000, 0x00000000b3000000| Untracked 
|  50|0x00000000b4000000, 0x00000000b4000000, 0x00000000b5000000|  0%| F|  |TAMS 0x00000000b4000000, 0x00000000b4000000| Untracked 
|  51|0x00000000b5000000, 0x00000000b5000000, 0x00000000b6000000|  0%| F|  |TAMS 0x00000000b5000000, 0x00000000b5000000| Untracked 
|  52|0x00000000b6000000, 0x00000000b6000000, 0x00000000b7000000|  0%| F|  |TAMS 0x00000000b6000000, 0x00000000b6000000| Untracked 
|  53|0x00000000b7000000, 0x00000000b7000000, 0x00000000b8000000|  0%| F|  |TAMS 0x00000000b7000000, 0x00000000b7000000| Untracked 
|  54|0x00000000b8000000, 0x00000000b8000000, 0x00000000b9000000|  0%| F|  |TAMS 0x00000000b8000000, 0x00000000b8000000| Untracked 
|  55|0x00000000b9000000, 0x00000000b9000000, 0x00000000ba000000|  0%| F|  |TAMS 0x00000000b9000000, 0x00000000b9000000| Untracked 
|  56|0x00000000ba000000, 0x00000000ba000000, 0x00000000bb000000|  0%| F|  |TAMS 0x00000000ba000000, 0x00000000ba000000| Untracked 
|  57|0x00000000bb000000, 0x00000000bb000000, 0x00000000bc000000|  0%| F|  |TAMS 0x00000000bb000000, 0x00000000bb000000| Untracked 
|  58|0x00000000bc000000, 0x00000000bc000000, 0x00000000bd000000|  0%| F|  |TAMS 0x00000000bc000000, 0x00000000bc000000| Untracked 
|  59|0x00000000bd000000, 0x00000000bd000000, 0x00000000be000000|  0%| F|  |TAMS 0x00000000bd000000, 0x00000000bd000000| Untracked 
|  60|0x00000000be000000, 0x00000000be000000, 0x00000000bf000000|  0%| F|  |TAMS 0x00000000be000000, 0x00000000be000000| Untracked 
|  61|0x00000000bf000000, 0x00000000bf000000, 0x00000000c0000000|  0%| F|  |TAMS 0x00000000bf000000, 0x00000000bf000000| Untracked 
|  62|0x00000000c0000000, 0x00000000c0000000, 0x00000000c1000000|  0%| F|  |TAMS 0x00000000c0000000, 0x00000000c0000000| Untracked 
|  63|0x00000000c1000000, 0x00000000c1000000, 0x00000000c2000000|  0%| F|  |TAMS 0x00000000c1000000, 0x00000000c1000000| Untracked 
|  64|0x00000000c2000000, 0x00000000c2000000, 0x00000000c3000000|  0%| F|  |TAMS 0x00000000c2000000, 0x00000000c2000000| Untracked 
|  65|0x00000000c3000000, 0x00000000c3000000, 0x00000000c4000000|  0%| F|  |TAMS 0x00000000c3000000, 0x00000000c3000000| Untracked 
|  66|0x00000000c4000000, 0x00000000c4000000, 0x00000000c5000000|  0%| F|  |TAMS 0x00000000c4000000, 0x00000000c4000000| Untracked 
|  67|0x00000000c5000000, 0x00000000c5000000, 0x00000000c6000000|  0%| F|  |TAMS 0x00000000c5000000, 0x00000000c5000000| Untracked 
|  68|0x00000000c6000000, 0x00000000c6000000, 0x00000000c7000000|  0%| F|  |TAMS 0x00000000c6000000, 0x00000000c6000000| Untracked 
|  69|0x00000000c7000000, 0x00000000c7000000, 0x00000000c8000000|  0%| F|  |TAMS 0x00000000c7000000, 0x00000000c7000000| Untracked 
|  70|0x00000000c8000000, 0x00000000c8000000, 0x00000000c9000000|  0%| F|  |TAMS 0x00000000c8000000, 0x00000000c8000000| Untracked 
|  71|0x00000000c9000000, 0x00000000c9000000, 0x00000000ca000000|  0%| F|  |TAMS 0x00000000c9000000, 0x00000000c9000000| Untracked 
|  72|0x00000000ca000000, 0x00000000ca000000, 0x00000000cb000000|  0%| F|  |TAMS 0x00000000ca000000, 0x00000000ca000000| Untracked 
|  73|0x00000000cb000000, 0x00000000cb000000, 0x00000000cc000000|  0%| F|  |TAMS 0x00000000cb000000, 0x00000000cb000000| Untracked 
|  74|0x00000000cc000000, 0x00000000cc000000, 0x00000000cd000000|  0%| F|  |TAMS 0x00000000cc000000, 0x00000000cc000000| Untracked 
|  75|0x00000000cd000000, 0x00000000cd000000, 0x00000000ce000000|  0%| F|  |TAMS 0x00000000cd000000, 0x00000000cd000000| Untracked 
|  76|0x00000000ce000000, 0x00000000ce000000, 0x00000000cf000000|  0%| F|  |TAMS 0x00000000ce000000, 0x00000000ce000000| Untracked 
|  77|0x00000000cf000000, 0x00000000cf000000, 0x00000000d0000000|  0%| F|  |TAMS 0x00000000cf000000, 0x00000000cf000000| Untracked 
|  78|0x00000000d0000000, 0x00000000d0000000, 0x00000000d1000000|  0%| F|  |TAMS 0x00000000d0000000, 0x00000000d0000000| Untracked 
|  79|0x00000000d1000000, 0x00000000d1000000, 0x00000000d2000000|  0%| F|  |TAMS 0x00000000d1000000, 0x00000000d1000000| Untracked 
|  80|0x00000000d2000000, 0x00000000d2000000, 0x00000000d3000000|  0%| F|  |TAMS 0x00000000d2000000, 0x00000000d2000000| Untracked 
|  81|0x00000000d3000000, 0x00000000d3000000, 0x00000000d4000000|  0%| F|  |TAMS 0x00000000d3000000, 0x00000000d3000000| Untracked 
|  82|0x00000000d4000000, 0x00000000d4000000, 0x00000000d5000000|  0%| F|  |TAMS 0x00000000d4000000, 0x00000000d4000000| Untracked 
|  83|0x00000000d5000000, 0x00000000d5000000, 0x00000000d6000000|  0%| F|  |TAMS 0x00000000d5000000, 0x00000000d5000000| Untracked 
|  84|0x00000000d6000000, 0x00000000d6000000, 0x00000000d7000000|  0%| F|  |TAMS 0x00000000d6000000, 0x00000000d6000000| Untracked 
|  85|0x00000000d7000000, 0x00000000d7000000, 0x00000000d8000000|  0%| F|  |TAMS 0x00000000d7000000, 0x00000000d7000000| Untracked 
|  86|0x00000000d8000000, 0x00000000d8000000, 0x00000000d9000000|  0%| F|  |TAMS 0x00000000d8000000, 0x00000000d8000000| Untracked 
|  87|0x00000000d9000000, 0x00000000d9000000, 0x00000000da000000|  0%| F|  |TAMS 0x00000000d9000000, 0x00000000d9000000| Untracked 
|  88|0x00000000da000000, 0x00000000da000000, 0x00000000db000000|  0%| F|  |TAMS 0x00000000da000000, 0x00000000da000000| Untracked 
|  89|0x00000000db000000, 0x00000000db000000, 0x00000000dc000000|  0%| F|  |TAMS 0x00000000db000000, 0x00000000db000000| Untracked 
|  90|0x00000000dc000000, 0x00000000dc000000, 0x00000000dd000000|  0%| F|  |TAMS 0x00000000dc000000, 0x00000000dc000000| Untracked 
|  91|0x00000000dd000000, 0x00000000dd000000, 0x00000000de000000|  0%| F|  |TAMS 0x00000000dd000000, 0x00000000dd000000| Untracked 
|  92|0x00000000de000000, 0x00000000de000000, 0x00000000df000000|  0%| F|  |TAMS 0x00000000de000000, 0x00000000de000000| Untracked 
|  93|0x00000000df000000, 0x00000000df000000, 0x00000000e0000000|  0%| F|  |TAMS 0x00000000df000000, 0x00000000df000000| Untracked 
|  94|0x00000000e0000000, 0x00000000e0000000, 0x00000000e1000000|  0%| F|  |TAMS 0x00000000e0000000, 0x00000000e0000000| Untracked 
|  95|0x00000000e1000000, 0x00000000e1000000, 0x00000000e2000000|  0%| F|  |TAMS 0x00000000e1000000, 0x00000000e1000000| Untracked 
|  96|0x00000000e2000000, 0x00000000e2000000, 0x00000000e3000000|  0%| F|  |TAMS 0x00000000e2000000, 0x00000000e2000000| Untracked 
|  97|0x00000000e3000000, 0x00000000e3000000, 0x00000000e4000000|  0%| F|  |TAMS 0x00000000e3000000, 0x00000000e3000000| Untracked 
|  98|0x00000000e4000000, 0x00000000e4000000, 0x00000000e5000000|  0%| F|  |TAMS 0x00000000e4000000, 0x00000000e4000000| Untracked 
|  99|0x00000000e5000000, 0x00000000e5000000, 0x00000000e6000000|  0%| F|  |TAMS 0x00000000e5000000, 0x00000000e5000000| Untracked 
| 100|0x00000000e6000000, 0x00000000e6000000, 0x00000000e7000000|  0%| F|  |TAMS 0x00000000e6000000, 0x00000000e6000000| Untracked 
| 101|0x00000000e7000000, 0x00000000e7000000, 0x00000000e8000000|  0%| F|  |TAMS 0x00000000e7000000, 0x00000000e7000000| Untracked 
| 102|0x00000000e8000000, 0x00000000e8000000, 0x00000000e9000000|  0%| F|  |TAMS 0x00000000e8000000, 0x00000000e8000000| Untracked 
| 103|0x00000000e9000000, 0x00000000e9000000, 0x00000000ea000000|  0%| F|  |TAMS 0x00000000e9000000, 0x00000000e9000000| Untracked 
| 104|0x00000000ea000000, 0x00000000ea000000, 0x00000000eb000000|  0%| F|  |TAMS 0x00000000ea000000, 0x00000000ea000000| Untracked 
| 105|0x00000000eb000000, 0x00000000eb000000, 0x00000000ec000000|  0%| F|  |TAMS 0x00000000eb000000, 0x00000000eb000000| Untracked 
| 106|0x00000000ec000000, 0x00000000ec000000, 0x00000000ed000000|  0%| F|  |TAMS 0x00000000ec000000, 0x00000000ec000000| Untracked 
| 107|0x00000000ed000000, 0x00000000ed000000, 0x00000000ee000000|  0%| F|  |TAMS 0x00000000ed000000, 0x00000000ed000000| Untracked 
| 108|0x00000000ee000000, 0x00000000ee000000, 0x00000000ef000000|  0%| F|  |TAMS 0x00000000ee000000, 0x00000000ee000000| Untracked 
| 109|0x00000000ef000000, 0x00000000ef000000, 0x00000000f0000000|  0%| F|  |TAMS 0x00000000ef000000, 0x00000000ef000000| Untracked 
| 110|0x00000000f0000000, 0x00000000f0000000, 0x00000000f1000000|  0%| F|  |TAMS 0x00000000f0000000, 0x00000000f0000000| Untracked 
| 111|0x00000000f1000000, 0x00000000f1000000, 0x00000000f2000000|  0%| F|  |TAMS 0x00000000f1000000, 0x00000000f1000000| Untracked 
| 112|0x00000000f2000000, 0x00000000f2000000, 0x00000000f3000000|  0%| F|  |TAMS 0x00000000f2000000, 0x00000000f2000000| Untracked 
| 113|0x00000000f3000000, 0x00000000f3000000, 0x00000000f4000000|  0%| F|  |TAMS 0x00000000f3000000, 0x00000000f3000000| Untracked 
| 114|0x00000000f4000000, 0x00000000f4000000, 0x00000000f5000000|  0%| F|  |TAMS 0x00000000f4000000, 0x00000000f4000000| Untracked 
| 115|0x00000000f5000000, 0x00000000f5000000, 0x00000000f6000000|  0%| F|  |TAMS 0x00000000f5000000, 0x00000000f5000000| Untracked 
| 116|0x00000000f6000000, 0x00000000f6000000, 0x00000000f7000000|  0%| F|  |TAMS 0x00000000f6000000, 0x00000000f6000000| Untracked 
| 117|0x00000000f7000000, 0x00000000f7000000, 0x00000000f8000000|  0%| F|  |TAMS 0x00000000f7000000, 0x00000000f7000000| Untracked 
| 118|0x00000000f8000000, 0x00000000f8f9c3d8, 0x00000000f9000000| 97%| E|  |TAMS 0x00000000f8000000, 0x00000000f8000000| Complete 
| 119|0x00000000f9000000, 0x00000000fa000000, 0x00000000fa000000|100%| E|CS|TAMS 0x00000000f9000000, 0x00000000f9000000| Complete 
| 120|0x00000000fa000000, 0x00000000fb000000, 0x00000000fb000000|100%| E|  |TAMS 0x00000000fa000000, 0x00000000fa000000| Complete 
| 121|0x00000000fb000000, 0x00000000fc000000, 0x00000000fc000000|100%| E|CS|TAMS 0x00000000fb000000, 0x00000000fb000000| Complete 
| 122|0x00000000fc000000, 0x00000000fd000000, 0x00000000fd000000|100%| E|CS|TAMS 0x00000000fc000000, 0x00000000fc000000| Complete 
| 123|0x00000000fd000000, 0x00000000fe000000, 0x00000000fe000000|100%| E|CS|TAMS 0x00000000fd000000, 0x00000000fd000000| Complete 
|1916|0x00000007fe000000, 0x00000007fef75000, 0x00000007ff000000| 96%|OA|  |TAMS 0x00000007fe000000, 0x00000007fe000000| Untracked 
|1917|0x00000007ff000000, 0x00000007ff078000, 0x0000000800000000|  2%|CA|  |TAMS 0x00000007ff000000, 0x00000007ff000000| Untracked 

Card table byte_map: [0x00007c9ad5c20000,0x00007c9ad9810000] _byte_map_base: 0x00007c9ad5810000

Marking Bits (Prev, Next): (CMBitMap*) 0x00007c9af4050070, (CMBitMap*) 0x00007c9af40500b0
 Prev Bits: [0x00007c9ab40b0000, 0x00007c9ad2030000)
 Next Bits: [0x00007c9a96130000, 0x00007c9ab40b0000)

Polling page: 0x00007c9afbb10000

Metaspace:

Usage:
  Non-class:     13.07 MB used.
      Class:      1.35 MB used.
       Both:     14.42 MB used.

Virtual space:
  Non-class space:       64.00 MB reserved,      13.19 MB ( 21%) committed,  1 nodes.
      Class space:        1.00 GB reserved,       1.44 MB ( <1%) committed,  1 nodes.
             Both:        1.06 GB reserved,      14.62 MB (  1%) committed. 

Chunk freelists:
   Non-Class:  2.80 MB
       Class:  14.59 MB
        Both:  17.39 MB

MaxMetaspaceSize: unlimited
CompressedClassSpaceSize: 1.00 GB
Initial GC threshold: 21.00 MB
Current GC threshold: 21.00 MB
CDS: on
MetaspaceReclaimPolicy: balanced
 - commit_granule_bytes: 65536.
 - commit_granule_words: 8192.
 - virtual_space_node_default_size: 8388608.
 - enlarge_chunks_in_place: 1.
 - new_chunks_are_fully_committed: 0.
 - uncommit_free_chunks: 1.
 - use_allocation_guard: 0.
 - handle_deallocations: 1.


Internal statistics:

num_allocs_failed_limit: 0.
num_arena_births: 102.
num_arena_deaths: 0.
num_vsnodes_births: 2.
num_vsnodes_deaths: 0.
num_space_committed: 232.
num_space_uncommitted: 0.
num_chunks_returned_to_freelist: 0.
num_chunks_taken_from_freelist: 376.
num_chunk_merges: 0.
num_chunk_splits: 246.
num_chunks_enlarged: 186.
num_inconsistent_stats: 0.

CodeHeap 'non-profiled nmethods': size=119168Kb used=1076Kb max_used=1076Kb free=118091Kb
 bounds [0x00007c9ae4fa0000, 0x00007c9ae5210000, 0x00007c9aec400000]
CodeHeap 'profiled nmethods': size=119164Kb used=4488Kb max_used=4488Kb free=114675Kb
 bounds [0x00007c9add400000, 0x00007c9add870000, 0x00007c9ae485f000]
CodeHeap 'non-nmethods': size=7428Kb used=1707Kb max_used=3432Kb free=5720Kb
 bounds [0x00007c9ae485f000, 0x00007c9ae4bbf000, 0x00007c9ae4fa0000]
 total_blobs=3469 nmethods=2301 adapters=1081
 compilation: enabled
              stopped_count=0, restarted_count=0
 full_count=0

Compilation events (20 events):
Event: 214.809 Thread 0x00007c9a142b5e40 nmethod 2292 0x00007c9ae509a690 code [0x00007c9ae509ac60, 0x00007c9ae509e118]
Event: 214.809 Thread 0x00007c9a142b5e40 2294       4       org.lwjgl.glfw.GLFW::glfwPollEvents (9 bytes)
Event: 214.810 Thread 0x00007c9a142b5e40 nmethod 2294 0x00007c9ae50a1290 code [0x00007c9ae50a1420, 0x00007c9ae50a14a8]
Event: 214.812 Thread 0x00007c9af4206400 nmethod 2293 0x00007c9ae50a1590 code [0x00007c9ae50a1b40, 0x00007c9ae50a4888]
Event: 218.995 Thread 0x00007c9a142b5e40 2297       4       com.badlogic.gdx.scenes.scene2d.Group::drawChildren (551 bytes)
Event: 218.995 Thread 0x00007c9af4206400 2295       4       com.suchsoftware.bauhausecho.MenuGround::act (48 bytes)
Event: 218.995 Thread 0x00007c9af4206400 nmethod 2295 0x00007c9ae50a7890 code [0x00007c9ae50a7a20, 0x00007c9ae50a7b18]
Event: 218.995 Thread 0x00007c9af4206400 2296       4       com.suchsoftware.bauhausecho.TileScreensaver::act (14 bytes)
Event: 218.996 Thread 0x00007c9af4206400 nmethod 2296 0x00007c9ae50a7c90 code [0x00007c9ae50a7e20, 0x00007c9ae50a7f28]
Event: 218.996 Thread 0x00007c9af4206400 2298       4       com.suchsoftware.bauhausecho.MenuGround::draw (287 bytes)
Event: 218.999 Thread 0x00007c9af4206400 nmethod 2298 0x00007c9ae50a8090 code [0x00007c9ae50a8300, 0x00007c9ae50a8d18]
Event: 218.999 Thread 0x00007c9af4206400 2299       4       com.suchsoftware.bauhausecho.TileScreensaver::draw (9 bytes)
Event: 219.001 Thread 0x00007c9af4206400 nmethod 2299 0x00007c9ae50a9310 code [0x00007c9ae50a94e0, 0x00007c9ae50a9908]
Event: 219.009 Thread 0x00007c9a142b5e40 nmethod 2297 0x00007c9ae50a9e90 code [0x00007c9ae50aa160, 0x00007c9ae50ab728]
Event: 229.199 Thread 0x00007c9af4207940 2300       3       org.lwjgl.openal.ALC10::nalcGetString (14 bytes)
Event: 229.199 Thread 0x00007c9af4206400 2301       4       org.lwjgl.openal.ALUtil::getStringList (94 bytes)
Event: 229.200 Thread 0x00007c9af4207940 nmethod 2300 0x00007c9add861190 code [0x00007c9add861380, 0x00007c9add8618b0]
Event: 229.204 Thread 0x00007c9af4206400 nmethod 2301 0x00007c9ae50ac610 code [0x00007c9ae50ac800, 0x00007c9ae50accc0]
Event: 236.946 Thread 0x00007c9af4207940 2302       3       java.lang.StringBuilder::append (9 bytes)
Event: 236.946 Thread 0x00007c9af4207940 nmethod 2302 0x00007c9add861a90 code [0x00007c9add861c60, 0x00007c9add861f70]

GC Heap History (0 events):
No events

Dll operation events (11 events):
Event: 0.001 Loaded shared library /usr/lib/jvm/java-17-openjdk-amd64/lib/libjava.so
Event: 0.013 Loaded shared library /usr/lib/jvm/java-17-openjdk-amd64/lib/libjsvml.so
Event: 0.017 Loaded shared library /usr/lib/jvm/java-17-openjdk-amd64/lib/libnio.so
Event: 0.019 Loaded shared library /usr/lib/jvm/java-17-openjdk-amd64/lib/libzip.so
Event: 0.033 Loaded shared library /usr/lib/jvm/java-17-openjdk-amd64/lib/libjimage.so
Event: 0.035 Loaded shared library /tmp/libgdxjw/da3a4817/libgdx64.so
Event: 0.048 Loaded shared library /usr/lib/jvm/java-17-openjdk-amd64/lib/libnet.so
Event: 0.051 Loaded shared library /tmp/lwjgl_jw/3.3.3-snapshot/x64/liblwjgl.so
Event: 0.439 Loaded shared library /tmp/lwjgl_jw/3.3.3-snapshot/x64/liblwjgl_opengl.so
Event: 0.505 Loaded shared library /tmp/lwjgl_jw/3.3.3-snapshot/x64/liblwjgl_stb.so
Event: 1.476 Loaded shared library /usr/lib/jvm/java-17-openjdk-amd64/lib/libextnet.so

Deoptimization events (20 events):
Event: 1.553 Thread 0x00007c98b62c8450 DEOPT PACKING pc=0x00007c9ae503e358 sp=0x00007c99d857a2e0
Event: 1.553 Thread 0x00007c98b62c8450 DEOPT UNPACKING pc=0x00007c9ae48b5699 sp=0x00007c99d857a2b0 mode 2
Event: 1.553 Thread 0x00007c98b62c8450 Uncommon trap: trap_request=0xffffffc6 fr.pc=0x00007c9ae503e358 relative=0x0000000000000318
Event: 1.553 Thread 0x00007c98b62c8450 Uncommon trap: reason=bimorphic_or_optimized_type_check action=maybe_recompile pc=0x00007c9ae503e358 method=sun.security.util.math.intpoly.IntegerPolynomial.multByInt([JJ)V @ 26 c2
Event: 1.553 Thread 0x00007c98b62c8450 DEOPT PACKING pc=0x00007c9ae503e358 sp=0x00007c99d857a2e0
Event: 1.553 Thread 0x00007c98b62c8450 DEOPT UNPACKING pc=0x00007c9ae48b5699 sp=0x00007c99d857a2b0 mode 2
Event: 1.553 Thread 0x00007c98b62c8450 Uncommon trap: trap_request=0xffffffc6 fr.pc=0x00007c9ae503e358 relative=0x0000000000000318
Event: 1.553 Thread 0x00007c98b62c8450 Uncommon trap: reason=bimorphic_or_optimized_type_check action=maybe_recompile pc=0x00007c9ae503e358 method=sun.security.util.math.intpoly.IntegerPolynomial.multByInt([JJ)V @ 26 c2
Event: 1.553 Thread 0x00007c98b62c8450 DEOPT PACKING pc=0x00007c9ae503e358 sp=0x00007c99d857a2e0
Event: 1.553 Thread 0x00007c98b62c8450 DEOPT UNPACKING pc=0x00007c9ae48b5699 sp=0x00007c99d857a2b0 mode 2
Event: 1.553 Thread 0x00007c98b62c8450 Uncommon trap: trap_request=0xffffffc6 fr.pc=0x00007c9ae503e358 relative=0x0000000000000318
Event: 1.553 Thread 0x00007c98b62c8450 Uncommon trap: reason=bimorphic_or_optimized_type_check action=maybe_recompile pc=0x00007c9ae503e358 method=sun.security.util.math.intpoly.IntegerPolynomial.multByInt([JJ)V @ 26 c2
Event: 1.553 Thread 0x00007c98b62c8450 DEOPT PACKING pc=0x00007c9ae503e358 sp=0x00007c99d857a2e0
Event: 1.553 Thread 0x00007c98b62c8450 DEOPT UNPACKING pc=0x00007c9ae48b5699 sp=0x00007c99d857a2b0 mode 2
Event: 2.894 Thread 0x00007c9af4018590 DEOPT PACKING pc=0x00007c9add80a6db sp=0x00007c9af9ffe620
Event: 2.894 Thread 0x00007c9af4018590 DEOPT UNPACKING pc=0x00007c9ae48b5e2f sp=0x00007c9af9ffdb88 mode 0
Event: 145.188 Thread 0x00007c9af4746030 DEOPT PACKING pc=0x00007c9add85a36b sp=0x00007c9a30679710
Event: 145.188 Thread 0x00007c9af4746030 DEOPT UNPACKING pc=0x00007c9ae48b5e2f sp=0x00007c9a30678bc8 mode 0
Event: 229.199 Thread 0x00007c9af4746030 DEOPT PACKING pc=0x00007c9add85e60b sp=0x00007c9a306797a0
Event: 229.199 Thread 0x00007c9af4746030 DEOPT UNPACKING pc=0x00007c9ae48b5e2f sp=0x00007c9a30678d10 mode 0

Classes loaded (20 events):
Event: 1.684 Loading class sun/net/www/protocol/http/HttpURLConnection$HttpInputStream
Event: 1.684 Loading class sun/net/www/protocol/http/HttpURLConnection$HttpInputStream done
Event: 1.684 Loading class sun/net/www/http/KeepAliveCache$1
Event: 1.684 Loading class sun/net/www/http/KeepAliveCache$1 done
Event: 1.684 Loading class sun/net/www/http/ClientVector
Event: 1.685 Loading class sun/net/www/http/ClientVector done
Event: 1.685 Loading class sun/net/www/http/KeepAliveEntry
Event: 1.685 Loading class sun/net/www/http/KeepAliveEntry done
Event: 11.685 Loading class sun/security/ssl/Alert
Event: 11.685 Loading class sun/security/ssl/Alert done
Event: 11.685 Loading class sun/security/ssl/Alert$AlertConsumer
Event: 11.685 Loading class sun/security/ssl/Alert$AlertConsumer done
Event: 11.685 Loading class sun/security/ssl/Alert$Level
Event: 11.685 Loading class sun/security/ssl/Alert$Level done
Event: 11.687 Loading class java/net/SocketTimeoutException
Event: 11.687 Loading class java/io/InterruptedIOException
Event: 11.687 Loading class java/io/InterruptedIOException done
Event: 11.687 Loading class java/net/SocketTimeoutException done
Event: 236.945 Loading class jdk/internal/misc/Signal$1
Event: 236.945 Loading class jdk/internal/misc/Signal$1 done

Classes unloaded (0 events):
No events

Classes redefined (0 events):
No events

Internal exceptions (20 events):
Event: 0.051 Thread 0x00007c9af4018590 Exception <a 'sun/nio/fs/UnixException'{0x00000000fd688b50}> (0x00000000fd688b50) 
thrown [./src/hotspot/share/prims/jni.cpp, line 516]
Event: 0.067 Thread 0x00007c9af4018590 Exception <a 'java/lang/NoSuchMethodError'{0x00000000fd71d618}: 'int java.lang.invoke.DirectMethodHandle$Holder.invokeStaticInit(java.lang.Object, java.lang.Object, int, long)'> (0x00000000fd71d618) 
thrown [./src/hotspot/share/interpreter/linkResolver.cpp, line 758]
Event: 0.067 Thread 0x00007c9af4018590 Exception <a 'java/lang/NoSuchMethodError'{0x00000000fd722ee0}: 'java.lang.Object java.lang.invoke.DirectMethodHandle$Holder.newInvokeSpecial(java.lang.Object, java.lang.Object, int)'> (0x00000000fd722ee0) 
thrown [./src/hotspot/share/interpreter/linkResolver.cpp, line 758]
Event: 0.068 Thread 0x00007c9af4018590 Exception <a 'java/lang/NoSuchMethodError'{0x00000000fd7311a0}: 'int java.lang.invoke.DirectMethodHandle$Holder.invokeStaticInit(java.lang.Object, java.lang.Object, long, long)'> (0x00000000fd7311a0) 
thrown [./src/hotspot/share/interpreter/linkResolver.cpp, line 758]
Event: 0.068 Thread 0x00007c9af4018590 Exception <a 'java/lang/NoSuchMethodError'{0x00000000fd7372b0}: 'java.lang.Object java.lang.invoke.DirectMethodHandle$Holder.newInvokeSpecial(java.lang.Object, java.lang.Object, long)'> (0x00000000fd7372b0) 
thrown [./src/hotspot/share/interpreter/linkResolver.cpp, line 758]
Event: 0.069 Thread 0x00007c9af4018590 Exception <a 'java/lang/NoSuchMethodError'{0x00000000fd73b2f8}: 'java.lang.Object java.lang.invoke.Invokers$Holder.linkToTargetMethod(java.lang.Object, long, java.lang.Object)'> (0x00000000fd73b2f8) 
thrown [./src/hotspot/share/interpreter/linkResolver.cpp, line 758]
Event: 0.069 Thread 0x00007c9af4018590 Exception <a 'java/lang/NoSuchMethodError'{0x00000000fd742a10}: 'int java.lang.invoke.DirectMethodHandle$Holder.invokeStaticInit(java.lang.Object, java.lang.Object, java.lang.Object, long)'> (0x00000000fd742a10) 
thrown [./src/hotspot/share/interpreter/linkResolver.cpp, line 758]
Event: 0.075 Thread 0x00007c9af4018590 Exception <a 'sun/nio/fs/UnixException'{0x00000000fd793cb0}> (0x00000000fd793cb0) 
thrown [./src/hotspot/share/prims/jni.cpp, line 516]
Event: 0.083 Thread 0x00007c9af4018590 Exception <a 'sun/nio/fs/UnixException'{0x00000000fd818bb0}> (0x00000000fd818bb0) 
thrown [./src/hotspot/share/prims/jni.cpp, line 516]
Event: 0.117 Thread 0x00007c9af4018590 Exception <a 'sun/nio/fs/UnixException'{0x00000000fd89b8f8}> (0x00000000fd89b8f8) 
thrown [./src/hotspot/share/prims/jni.cpp, line 516]
Event: 0.137 Thread 0x00007c9af4018590 Exception <a 'java/lang/NoSuchMethodError'{0x00000000fd8ca968}: 'java.lang.Object java.lang.invoke.DirectMethodHandle$Holder.newInvokeSpecial(java.lang.Object, long)'> (0x00000000fd8ca968) 
thrown [./src/hotspot/share/interpreter/linkResolver.cpp, line 758]
Event: 0.439 Thread 0x00007c9af4018590 Exception <a 'sun/nio/fs/UnixException'{0x00000000fdfba208}> (0x00000000fdfba208) 
thrown [./src/hotspot/share/prims/jni.cpp, line 516]
Event: 0.440 Thread 0x00007c9af4018590 Exception <a 'sun/nio/fs/UnixException'{0x00000000fdfc0110}> (0x00000000fdfc0110) 
thrown [./src/hotspot/share/prims/jni.cpp, line 516]
Event: 0.505 Thread 0x00007c9af4018590 Exception <a 'sun/nio/fs/UnixException'{0x00000000fc292728}> (0x00000000fc292728) 
thrown [./src/hotspot/share/prims/jni.cpp, line 516]
Event: 1.386 Thread 0x00007c9af4018590 Exception <a 'java/lang/NoSuchMethodError'{0x00000000fa564e50}: 'int java.lang.invoke.DirectMethodHandle$Holder.invokeStaticInit(java.lang.Object, java.lang.Object, java.lang.Object, java.lang.Object)'> (0x00000000fa564e50) 
thrown [./src/hotspot/share/interpreter/linkResolver.cpp, line 758]
Event: 1.386 Thread 0x00007c9af4018590 Exception <a 'java/lang/NoSuchMethodError'{0x00000000fa56e3e0}: 'java.lang.Object java.lang.invoke.DirectMethodHandle$Holder.invokeInterface(java.lang.Object, java.lang.Object)'> (0x00000000fa56e3e0) 
thrown [./src/hotspot/share/interpreter/linkResolver.cpp, line 758]
Event: 1.387 Thread 0x00007c9af4018590 Exception <a 'java/lang/IncompatibleClassChangeError'{0x00000000fa571bd8}: Found class java.lang.Object, but interface was expected> (0x00000000fa571bd8) 
thrown [./src/hotspot/share/interpreter/linkResolver.cpp, line 826]
Event: 1.387 Thread 0x00007c9af4018590 Exception <a 'java/lang/NoSuchMethodError'{0x00000000fa574c88}: 'void java.lang.invoke.DirectMethodHandle$Holder.invokeStaticInit(java.lang.Object, java.lang.Object)'> (0x00000000fa574c88) 
thrown [./src/hotspot/share/interpreter/linkResolver.cpp, line 758]
Event: 1.387 Thread 0x00007c9af4018590 Exception <a 'java/lang/NoSuchMethodError'{0x00000000fa57a960}: 'int java.lang.invoke.DirectMethodHandle$Holder.invokeStaticInit(java.lang.Object, java.lang.Object)'> (0x00000000fa57a960) 
thrown [./src/hotspot/share/interpreter/linkResolver.cpp, line 758]
Event: 1.685 Thread 0x00007c98b62c8450 Exception <a 'java/lang/NoSuchMethodError'{0x00000000f863c108}: 'void java.lang.invoke.DirectMethodHandle$Holder.invokeStatic(java.lang.Object, java.lang.Object, java.lang.Object)'> (0x00000000f863c108) 
thrown [./src/hotspot/share/interpreter/linkResolver.cpp, line 758]

VM Operations (20 events):
Event: 1.555 Executing VM operation: ICBufferFull done
Event: 1.684 Executing VM operation: HandshakeAllThreads
Event: 1.684 Executing VM operation: HandshakeAllThreads done
Event: 1.685 Executing VM operation: HandshakeAllThreads
Event: 1.685 Executing VM operation: HandshakeAllThreads done
Event: 2.685 Executing VM operation: Cleanup
Event: 2.685 Executing VM operation: Cleanup done
Event: 9.685 Executing VM operation: Cleanup
Event: 9.685 Executing VM operation: Cleanup done
Event: 14.686 Executing VM operation: Cleanup
Event: 14.686 Executing VM operation: Cleanup done
Event: 18.686 Executing VM operation: Cleanup
Event: 18.686 Executing VM operation: Cleanup done
Event: 32.688 Executing VM operation: Cleanup
Event: 32.688 Executing VM operation: Cleanup done
Event: 35.688 Executing VM operation: Cleanup
Event: 35.688 Executing VM operation: Cleanup done
Event: 60.032 Executing VM operation: HandshakeAllThreads
Event: 60.032 Executing VM operation: HandshakeAllThreads done
Event: 236.946 Executing VM operation: Exit

Memory protections (20 events):
Event: 0.117 Protecting memory [0x00007c9a31a40000,0x00007c9a31a44000] with protection modes 0
Event: 0.143 Protecting memory [0x00007c9a3057b000,0x00007c9a3057f000] with protection modes 0
Event: 0.495 Protecting memory [0x00007c9a858ff000,0x00007c9a85903000] with protection modes 0
Event: 0.570 Protecting memory [0x00007c99e8368000,0x00007c99e836c000] with protection modes 0
Event: 0.611 Protecting memory [0x00007c99d847d000,0x00007c99d8481000] with protection modes 0
Event: 0.611 Protecting memory [0x00007c99d8100000,0x00007c99d8104000] with protection modes 0
Event: 1.412 Protecting memory [0x00007c9a858ff000,0x00007c9a85903000] with protection modes 0
Event: 1.434 Protecting memory [0x00007c99d847d000,0x00007c99d8481000] with protection modes 0
Event: 1.544 Protecting memory [0x00007c9a31b40000,0x00007c9a31b44000] with protection modes 0
Event: 1.544 Protecting memory [0x00007c99e8368000,0x00007c99e836c000] with protection modes 0
Event: 1.563 Protecting memory [0x00007c99d8100000,0x00007c99d8104000] with protection modes 0
Event: 1.579 Protecting memory [0x00007c9a31a40000,0x00007c9a31a44000] with protection modes 0
Event: 1.581 Protecting memory [0x00007c99d8000000,0x00007c99d8004000] with protection modes 0
Event: 1.685 Protecting memory [0x00007c99d8000000,0x00007c99d8004000] with protection modes 0
Event: 5.662 Protecting memory [0x00007c9a859ff000,0x00007c9a85a03000] with protection modes 0
Event: 14.195 Protecting memory [0x00007c99d8000000,0x00007c99d8004000] with protection modes 0
Event: 14.195 Protecting memory [0x00007c9a859ff000,0x00007c9a85a03000] with protection modes 0
Event: 14.196 Protecting memory [0x00007c9a31b40000,0x00007c9a31b44000] with protection modes 0
Event: 214.781 Protecting memory [0x00007c99d847d000,0x00007c99d8481000] with protection modes 0
Event: 236.946 Protecting memory [0x00007c99d847d000,0x00007c99d8481000] with protection modes 0

Nmethod flushes (0 events):
No events

Events (20 events):
Event: 1.795 Thread 0x00007c9a14314b80 Thread exited: 0x00007c9a14314b80
Event: 1.828 Thread 0x00007c99f40a3930 Thread exited: 0x00007c99f40a3930
Event: 1.828 Thread 0x00007c9a182656d0 Thread exited: 0x00007c9a182656d0
Event: 3.495 Thread 0x00007c9a18271390 Thread exited: 0x00007c9a18271390
Event: 5.462 Thread 0x00007c9a18270850 Thread exited: 0x00007c9a18270850
Event: 5.528 Thread 0x00007c9a1802b810 Thread exited: 0x00007c9a1802b810
Event: 5.662 Thread 0x00007c9af4207940 Thread added: 0x00007c9a1802b760
Event: 6.295 Thread 0x00007c9a1802b760 Thread exited: 0x00007c9a1802b760
Event: 11.687 Thread 0x00007c98b81e3d40 Thread exited: 0x00007c98b81e3d40
Event: 14.195 Thread 0x00007c9af4207940 Thread added: 0x00007c9a1801dc40
Event: 14.195 Thread 0x00007c9af4207940 Thread added: 0x00007c9a1801e800
Event: 14.196 Thread 0x00007c9af4207940 Thread added: 0x00007c9a1801f3c0
Event: 14.862 Thread 0x00007c9a1801f3c0 Thread exited: 0x00007c9a1801f3c0
Event: 15.166 Thread 0x00007c9a1801e800 Thread exited: 0x00007c9a1801e800
Event: 15.166 Thread 0x00007c9a1801dc40 Thread exited: 0x00007c9a1801dc40
Event: 61.686 Thread 0x00007c98b62c8450 Thread exited: 0x00007c98b62c8450
Event: 214.781 Thread 0x00007c9af4206400 Thread added: 0x00007c9a142b5e40
Event: 224.009 Thread 0x00007c9a142b5e40 Thread exited: 0x00007c9a142b5e40
Event: 236.946 Thread 0x00007c9af42021e0 Thread added: 0x00007c9a28000f30
Event: 236.946 Thread 0x00007c9a28000f30 Before exit entered


Dynamic libraries:
82000000-fe000000 rw-p 00000000 00:00 0 
fe000000-7fe000000 ---p 00000000 00:00 0 
7fe000000-7fef00000 rw-p 00000000 00:00 0 
7fef00000-7fef75000 rw-p 00c77000 fc:01 42337055                         /usr/lib/jvm/java-17-openjdk-amd64/lib/server/classes.jsa
7fef75000-7ff000000 rw-p 00000000 00:00 0 
7ff000000-7ff078000 rw-p 00bff000 fc:01 42337055                         /usr/lib/jvm/java-17-openjdk-amd64/lib/server/classes.jsa
7ff078000-800000000 rw-p 00000000 00:00 0 
5758f130f000-5758f1310000 r--p 00000000 fc:01 41026583                   /usr/lib/jvm/java-17-openjdk-amd64/bin/java
5758f1310000-5758f1311000 r-xp 00001000 fc:01 41026583                   /usr/lib/jvm/java-17-openjdk-amd64/bin/java
5758f1311000-5758f1312000 r--p 00002000 fc:01 41026583                   /usr/lib/jvm/java-17-openjdk-amd64/bin/java
5758f1312000-5758f1313000 r--p 00002000 fc:01 41026583                   /usr/lib/jvm/java-17-openjdk-amd64/bin/java
5758f1313000-5758f1314000 rw-p 00003000 fc:01 41026583                   /usr/lib/jvm/java-17-openjdk-amd64/bin/java
57591f149000-57591f174000 rw-p 00000000 00:00 0                          [heap]
7c989c000000-7c989c02c000 rw-p 00000000 00:00 0 
7c989c02c000-7c98a0000000 ---p 00000000 00:00 0 
7c98a3641000-7c98a3ffe000 rw-s 00000000 00:01 318                        /memfd:mesa-shared (deleted)
7c98a3ffe000-7c98ac0a3000 rw-p 00000000 00:00 0 
7c98ac0a3000-7c98b0000000 ---p 00000000 00:00 0 
7c98b0243000-7c98b0c00000 rw-s 00000000 00:01 10015                      /memfd:mesa-shared (deleted)
7c98b0c00000-7c98b1600000 rwxp 00000000 00:00 0 
7c98b1642000-7c98b1fff000 rw-s 00000000 00:01 10014                      /memfd:mesa-shared (deleted)
7c98b1fff000-7c98b6e56000 rw-p 00000000 00:00 0 
7c98b6e56000-7c98b8000000 ---p 00000000 00:00 0 
7c98b8000000-7c98b873c000 rw-p 00000000 00:00 0 
7c98b873c000-7c98bc000000 ---p 00000000 00:00 0 
7c98bc000000-7c98bc021000 rw-p 00000000 00:00 0 
7c98bc021000-7c98c0000000 ---p 00000000 00:00 0 
7c98c0000000-7c98c0301000 rw-p 00000000 00:00 0 
7c98c0301000-7c98c4000000 ---p 00000000 00:00 0 
7c98c4000000-7c98c4021000 rw-p 00000000 00:00 0 
7c98c4021000-7c98c8000000 ---p 00000000 00:00 0 
7c98c8000000-7c98c8021000 rw-p 00000000 00:00 0 
7c98c8021000-7c98cc000000 ---p 00000000 00:00 0 
7c98cc000000-7c98cc021000 rw-p 00000000 00:00 0 
7c98cc021000-7c98d0000000 ---p 00000000 00:00 0 
7c98d0000000-7c98d0021000 rw-p 00000000 00:00 0 
7c98d0021000-7c98d4000000 ---p 00000000 00:00 0 
7c98d4000000-7c98d4021000 rw-p 00000000 00:00 0 
7c98d4021000-7c98d8000000 ---p 00000000 00:00 0 
7c98d843d000-7c98d8e3e000 rw-p 00000000 00:00 0 
7c98d8e3e000-7c98d97fb000 rw-s 00000000 00:01 2610                       /memfd:mesa-shared (deleted)
7c98d97fb000-7c98dc000000 rw-p 00000000 00:00 0 
7c98dc000000-7c98dc021000 rw-p 00000000 00:00 0 
7c98dc021000-7c98e0000000 ---p 00000000 00:00 0 
7c98e0000000-7c98e0021000 rw-p 00000000 00:00 0 
7c98e0021000-7c98e4000000 ---p 00000000 00:00 0 
7c98e4000000-7c98e4021000 rw-p 00000000 00:00 0 
7c98e4021000-7c98e8000000 ---p 00000000 00:00 0 
7c98e8000000-7c98e8021000 rw-p 00000000 00:00 0 
7c98e8021000-7c98ec000000 ---p 00000000 00:00 0 
7c98ec000000-7c98ec021000 rw-p 00000000 00:00 0 
7c98ec021000-7c98f0000000 ---p 00000000 00:00 0 
7c98f0000000-7c98f0021000 rw-p 00000000 00:00 0 
7c98f0021000-7c98f4000000 ---p 00000000 00:00 0 
7c98f4000000-7c98f4021000 rw-p 00000000 00:00 0 
7c98f4021000-7c98f8000000 ---p 00000000 00:00 0 
7c98f87f9000-7c98fc000000 rw-p 00000000 00:00 0 
7c98fc000000-7c98fc021000 rw-p 00000000 00:00 0 
7c98fc021000-7c9900000000 ---p 00000000 00:00 0 
7c9900000000-7c9900021000 rw-p 00000000 00:00 0 
7c9900021000-7c9904000000 ---p 00000000 00:00 0 
7c9904000000-7c9904021000 rw-p 00000000 00:00 0 
7c9904021000-7c9908000000 ---p 00000000 00:00 0 
7c9908000000-7c9908021000 rw-p 00000000 00:00 0 
7c9908021000-7c990c000000 ---p 00000000 00:00 0 
7c990c000000-7c990c021000 rw-p 00000000 00:00 0 
7c990c021000-7c9910000000 ---p 00000000 00:00 0 
7c9910000000-7c9910021000 rw-p 00000000 00:00 0 
7c9910021000-7c9914000000 ---p 00000000 00:00 0 
7c9914000000-7c9914021000 rw-p 00000000 00:00 0 
7c9914021000-7c9918000000 ---p 00000000 00:00 0 
7c99187f9000-7c991c000000 rw-p 00000000 00:00 0 
7c991c000000-7c991c021000 rw-p 00000000 00:00 0 
7c991c021000-7c9920000000 ---p 00000000 00:00 0 
7c9920000000-7c9920021000 rw-p 00000000 00:00 0 
7c9920021000-7c9924000000 ---p 00000000 00:00 0 
7c9924000000-7c9924021000 rw-p 00000000 00:00 0 
7c9924021000-7c9928000000 ---p 00000000 00:00 0 
7c9928000000-7c9928021000 rw-p 00000000 00:00 0 
7c9928021000-7c992c000000 ---p 00000000 00:00 0 
7c992c000000-7c992c021000 rw-p 00000000 00:00 0 
7c992c021000-7c9930000000 ---p 00000000 00:00 0 
7c9930000000-7c9930021000 rw-p 00000000 00:00 0 
7c9930021000-7c9934000000 ---p 00000000 00:00 0 
7c9934000000-7c9934021000 rw-p 00000000 00:00 0 
7c9934021000-7c9938000000 ---p 00000000 00:00 0 
7c99387f9000-7c993c000000 rw-p 00000000 00:00 0 
7c993c000000-7c993c021000 rw-p 00000000 00:00 0 
7c993c021000-7c9940000000 ---p 00000000 00:00 0 
7c9940000000-7c9940021000 rw-p 00000000 00:00 0 
7c9940021000-7c9944000000 ---p 00000000 00:00 0 
7c9944000000-7c9944021000 rw-p 00000000 00:00 0 
7c9944021000-7c9948000000 ---p 00000000 00:00 0 
7c9948000000-7c9948021000 rw-p 00000000 00:00 0 
7c9948021000-7c994c000000 ---p 00000000 00:00 0 
7c994c000000-7c994c021000 rw-p 00000000 00:00 0 
7c994c021000-7c9950000000 ---p 00000000 00:00 0 
7c9950000000-7c9950021000 rw-p 00000000 00:00 0 
7c9950021000-7c9954000000 ---p 00000000 00:00 0 
7c9954000000-7c9954021000 rw-p 00000000 00:00 0 
7c9954021000-7c9958000000 ---p 00000000 00:00 0 
7c9958000000-7c9958021000 rw-p 00000000 00:00 0 
7c9958021000-7c995c000000 ---p 00000000 00:00 0 
7c995c7f9000-7c9960000000 rw-p 00000000 00:00 0 
7c9960000000-7c9960021000 rw-p 00000000 00:00 0 
7c9960021000-7c9964000000 ---p 00000000 00:00 0 
7c9964000000-7c9964021000 rw-p 00000000 00:00 0 
7c9964021000-7c9968000000 ---p 00000000 00:00 0 
7c9968000000-7c9968021000 rw-p 00000000 00:00 0 
7c9968021000-7c996c000000 ---p 00000000 00:00 0 
7c996c000000-7c996c021000 rw-p 00000000 00:00 0 
7c996c021000-7c9970000000 ---p 00000000 00:00 0 
7c9970000000-7c9970021000 rw-p 00000000 00:00 0 
7c9970021000-7c9974000000 ---p 00000000 00:00 0 
7c9974000000-7c9974021000 rw-p 00000000 00:00 0 
7c9974021000-7c9978000000 ---p 00000000 00:00 0 
7c9978000000-7c9978021000 rw-p 00000000 00:00 0 
7c9978021000-7c997c000000 ---p 00000000 00:00 0 
7c997c000000-7c997c021000 rw-p 00000000 00:00 0 
7c997c021000-7c9980000000 ---p 00000000 00:00 0 
7c9980000000-7c9980021000 rw-p 00000000 00:00 0 
7c9980021000-7c9984000000 ---p 00000000 00:00 0 
7c9984000000-7c9984021000 rw-p 00000000 00:00 0 
7c9984021000-7c9988000000 ---p 00000000 00:00 0 
7c9988000000-7c9988021000 rw-p 00000000 00:00 0 
7c9988021000-7c998c000000 ---p 00000000 00:00 0 
7c998c000000-7c998c021000 rw-p 00000000 00:00 0 
7c998c021000-7c9990000000 ---p 00000000 00:00 0 
7c9990000000-7c9990021000 rw-p 00000000 00:00 0 
7c9990021000-7c9994000000 ---p 00000000 00:00 0 
7c9994000000-7c9994021000 rw-p 00000000 00:00 0 
7c9994021000-7c9998000000 ---p 00000000 00:00 0 
7c9998000000-7c9998021000 rw-p 00000000 00:00 0 
7c9998021000-7c999c000000 ---p 00000000 00:00 0 
7c999c000000-7c999c021000 rw-p 00000000 00:00 0 
7c999c021000-7c99a0000000 ---p 00000000 00:00 0 
7c99a0000000-7c99a0021000 rw-p 00000000 00:00 0 
7c99a0021000-7c99a4000000 ---p 00000000 00:00 0 
7c99a4000000-7c99a4021000 rw-p 00000000 00:00 0 
7c99a4021000-7c99a8000000 ---p 00000000 00:00 0 
7c99a8000000-7c99a8021000 rw-p 00000000 00:00 0 
7c99a8021000-7c99ac000000 ---p 00000000 00:00 0 
7c99ac000000-7c99ac021000 rw-p 00000000 00:00 0 
7c99ac021000-7c99b0000000 ---p 00000000 00:00 0 
7c99b0000000-7c99b0021000 rw-p 00000000 00:00 0 
7c99b0021000-7c99b4000000 ---p 00000000 00:00 0 
7c99b43fa000-7c99b7400000 rw-p 00000000 00:00 0 
7c99b87f9000-7c99bc000000 rw-p 00000000 00:00 0 
7c99bc000000-7c99bc021000 rw-p 00000000 00:00 0 
7c99bc021000-7c99c0000000 ---p 00000000 00:00 0 
7c99c05ff000-7c99c0e00000 rw-p 00000000 00:00 0 
7c99c0ffb000-7c99c3800000 rw-p 00000000 00:00 0 
7c99c3800000-7c99c3849000 r--p 00000000 fc:01 242772088                  /usr/lib/x86_64-linux-gnu/libvulkan_lvp.so
7c99c3849000-7c99c3d21000 r-xp 00049000 fc:01 242772088                  /usr/lib/x86_64-linux-gnu/libvulkan_lvp.so
7c99c3d21000-7c99c4558000 r--p 00521000 fc:01 242772088                  /usr/lib/x86_64-linux-gnu/libvulkan_lvp.so
7c99c4558000-7c99c45a7000 r--p 00d57000 fc:01 242772088                  /usr/lib/x86_64-linux-gnu/libvulkan_lvp.so
7c99c45a7000-7c99c45ac000 rw-p 00da6000 fc:01 242772088                  /usr/lib/x86_64-linux-gnu/libvulkan_lvp.so
7c99c45ac000-7c99c45d8000 rw-p 00000000 00:00 0 
7c99c4600000-7c99c8970000 r--p 00000000 fc:01 242745880                  /usr/lib/x86_64-linux-gnu/libLLVM.so.21.1
7c99c8970000-7c99cc7c3000 r-xp 0436f000 fc:01 242745880                  /usr/lib/x86_64-linux-gnu/libLLVM.so.21.1
7c99cc7c3000-7c99cc9e2000 r--p 081c1000 fc:01 242745880                  /usr/lib/x86_64-linux-gnu/libLLVM.so.21.1
7c99cc9e2000-7c99cca29000 rw-p 083df000 fc:01 242745880                  /usr/lib/x86_64-linux-gnu/libLLVM.so.21.1
7c99cca29000-7c99ccad6000 rw-p 00000000 00:00 0 
7c99ccc00000-7c99cccdc000 r--p 00000000 fc:01 242746060                  /usr/lib/x86_64-linux-gnu/libgallium-26.0.3-1ubuntu1.so
7c99cccdc000-7c99ce67b000 r-xp 000dc000 fc:01 242746060                  /usr/lib/x86_64-linux-gnu/libgallium-26.0.3-1ubuntu1.so
7c99ce67b000-7c99cf66a000 r--p 01a7b000 fc:01 242746060                  /usr/lib/x86_64-linux-gnu/libgallium-26.0.3-1ubuntu1.so
7c99cf66a000-7c99cf75b000 r--p 02a69000 fc:01 242746060                  /usr/lib/x86_64-linux-gnu/libgallium-26.0.3-1ubuntu1.so
7c99cf75b000-7c99cf782000 rw-p 02b5a000 fc:01 242746060                  /usr/lib/x86_64-linux-gnu/libgallium-26.0.3-1ubuntu1.so
7c99cf782000-7c99cf94d000 rw-p 00000000 00:00 0 
7c99cfa00000-7c99cfcab000 r--p 00000000 fc:01 242779342                  /usr/lib/x86_64-linux-gnu/libnvidia-gpucomp.so.580.159.03
7c99cfcab000-7c99d2d99000 r-xp 002ab000 fc:01 242779342                  /usr/lib/x86_64-linux-gnu/libnvidia-gpucomp.so.580.159.03
7c99d2d99000-7c99d3c09000 r--p 03399000 fc:01 242779342                  /usr/lib/x86_64-linux-gnu/libnvidia-gpucomp.so.580.159.03
7c99d3c09000-7c99d3c0a000 ---p 04209000 fc:01 242779342                  /usr/lib/x86_64-linux-gnu/libnvidia-gpucomp.so.580.159.03
7c99d3c0a000-7c99d3de1000 r--p 04209000 fc:01 242779342                  /usr/lib/x86_64-linux-gnu/libnvidia-gpucomp.so.580.159.03
7c99d3de1000-7c99d3eec000 rw-p 043e0000 fc:01 242779342                  /usr/lib/x86_64-linux-gnu/libnvidia-gpucomp.so.580.159.03
7c99d3eec000-7c99d3f8c000 rw-p 00000000 00:00 0 
7c99d4000000-7c99d4021000 rw-p 00000000 00:00 0 
7c99d4021000-7c99d8000000 ---p 00000000 00:00 0 
7c99d8000000-7c99d8004000 ---p 00000000 00:00 0 
7c99d8004000-7c99d8100000 rw-p 00000000 00:00 0 
7c99d8100000-7c99d8104000 ---p 00000000 00:00 0 
7c99d8104000-7c99d8200000 rw-p 00000000 00:00 0 
7c99d8200000-7c99d8401000 rw-s 00000000 fc:01 120722209                  /home/jw/.cache/mesa_shader_cache/index
7c99d847d000-7c99d8481000 ---p 00000000 00:00 0 
7c99d8481000-7c99d9d80000 rw-p 00000000 00:00 0 
7c99d9d80000-7c99d9e00000 rw-s 00000000 00:07 1426                       /dev/nvidiactl
7c99d9e00000-7c99da042000 r--p 00000000 fc:01 242779338                  /usr/lib/x86_64-linux-gnu/libnvidia-eglcore.so.580.159.03
7c99da042000-7c99dad06000 r-xp 00242000 fc:01 242779338                  /usr/lib/x86_64-linux-gnu/libnvidia-eglcore.so.580.159.03
7c99dad06000-7c99dbda8000 r--p 00f06000 fc:01 242779338                  /usr/lib/x86_64-linux-gnu/libnvidia-eglcore.so.580.159.03
7c99dbda8000-7c99dbda9000 ---p 01fa8000 fc:01 242779338                  /usr/lib/x86_64-linux-gnu/libnvidia-eglcore.so.580.159.03
7c99dbda9000-7c99dbf21000 r--p 01fa8000 fc:01 242779338                  /usr/lib/x86_64-linux-gnu/libnvidia-eglcore.so.580.159.03
7c99dbf21000-7c99dbf75000 rw-p 02120000 fc:01 242779338                  /usr/lib/x86_64-linux-gnu/libnvidia-eglcore.so.580.159.03
7c99dbf75000-7c99dbf8b000 rw-p 00000000 00:00 0 
7c99dc000000-7c99dc094000 rw-p 00000000 00:00 0 
7c99dc094000-7c99e0000000 ---p 00000000 00:00 0 
7c99e0000000-7c99e00bc000 rw-p 00000000 00:00 0 
7c99e00bc000-7c99e4000000 ---p 00000000 00:00 0 
7c99e4000000-7c99e41f3000 rw-p 00000000 00:00 0 
7c99e41f3000-7c99e8000000 ---p 00000000 00:00 0 
7c99e80e6000-7c99e8166000 rw-s 00000000 00:07 1426                       /dev/nvidiactl
7c99e8219000-7c99e8299000 rw-s 00000000 00:07 1428                       /dev/nvidia0
7c99e82d9000-7c99e82dd000 r--p 00000000 fc:01 242749460                  /usr/lib/x86_64-linux-gnu/libnvidia-allocator.so.580.159.03
7c99e82dd000-7c99e82f6000 r-xp 00004000 fc:01 242749460                  /usr/lib/x86_64-linux-gnu/libnvidia-allocator.so.580.159.03
7c99e82f6000-7c99e8301000 r--p 0001d000 fc:01 242749460                  /usr/lib/x86_64-linux-gnu/libnvidia-allocator.so.580.159.03
7c99e8301000-7c99e8302000 r--p 00027000 fc:01 242749460                  /usr/lib/x86_64-linux-gnu/libnvidia-allocator.so.580.159.03
7c99e8302000-7c99e8303000 rw-p 00028000 fc:01 242749460                  /usr/lib/x86_64-linux-gnu/libnvidia-allocator.so.580.159.03
7c99e8303000-7c99e8305000 rw-p 00000000 00:00 0 
7c99e8368000-7c99e836c000 ---p 00000000 00:00 0 
7c99e836c000-7c99e8468000 rw-p 00000000 00:00 0 
7c99e8468000-7c99e846b000 r--p 00000000 fc:01 242749350                  /usr/lib/x86_64-linux-gnu/libdisplay-info.so.0.3.0
7c99e846b000-7c99e8483000 r-xp 00003000 fc:01 242749350                  /usr/lib/x86_64-linux-gnu/libdisplay-info.so.0.3.0
7c99e8483000-7c99e849f000 r--p 0001b000 fc:01 242749350                  /usr/lib/x86_64-linux-gnu/libdisplay-info.so.0.3.0
7c99e849f000-7c99e84a0000 r--p 00036000 fc:01 242749350                  /usr/lib/x86_64-linux-gnu/libdisplay-info.so.0.3.0
7c99e84a0000-7c99e84a1000 rw-p 00037000 fc:01 242749350                  /usr/lib/x86_64-linux-gnu/libdisplay-info.so.0.3.0
7c99e84b9000-7c99e84c0000 r--p 00000000 00:34 148795                     /tmp/lwjgl_jw/3.3.3-snapshot/x64/liblwjgl_stb.so
7c99e84c0000-7c99e8523000 r-xp 00007000 00:34 148795                     /tmp/lwjgl_jw/3.3.3-snapshot/x64/liblwjgl_stb.so
7c99e8523000-7c99e852f000 r--p 0006a000 00:34 148795                     /tmp/lwjgl_jw/3.3.3-snapshot/x64/liblwjgl_stb.so
7c99e852f000-7c99e8530000 r--p 00075000 00:34 148795                     /tmp/lwjgl_jw/3.3.3-snapshot/x64/liblwjgl_stb.so
7c99e8530000-7c99e8531000 rw-p 00076000 00:34 148795                     /tmp/lwjgl_jw/3.3.3-snapshot/x64/liblwjgl_stb.so
7c99e8531000-7c99e8533000 r--p 00000000 fc:01 242754906                  /usr/lib/x86_64-linux-gnu/libmd.so.0.1.0
7c99e8533000-7c99e853c000 r-xp 00002000 fc:01 242754906                  /usr/lib/x86_64-linux-gnu/libmd.so.0.1.0
7c99e853c000-7c99e853e000 r--p 0000b000 fc:01 242754906                  /usr/lib/x86_64-linux-gnu/libmd.so.0.1.0
7c99e853e000-7c99e853f000 r--p 0000c000 fc:01 242754906                  /usr/lib/x86_64-linux-gnu/libmd.so.0.1.0
7c99e853f000-7c99e8540000 rw-p 0000d000 fc:01 242754906                  /usr/lib/x86_64-linux-gnu/libmd.so.0.1.0
7c99e8540000-7c99e854e000 r--p 00000000 fc:01 242755301                  /usr/lib/x86_64-linux-gnu/libtinfo.so.6.6
7c99e854e000-7c99e8562000 r-xp 0000e000 fc:01 242755301                  /usr/lib/x86_64-linux-gnu/libtinfo.so.6.6
7c99e8562000-7c99e8570000 r--p 00022000 fc:01 242755301                  /usr/lib/x86_64-linux-gnu/libtinfo.so.6.6
7c99e8570000-7c99e8574000 r--p 0002f000 fc:01 242755301                  /usr/lib/x86_64-linux-gnu/libtinfo.so.6.6
7c99e8574000-7c99e8575000 rw-p 00033000 fc:01 242755301                  /usr/lib/x86_64-linux-gnu/libtinfo.so.6.6
7c99e8575000-7c99e8596000 r--p 00000000 fc:01 242754790                  /usr/lib/x86_64-linux-gnu/libxml2.so.16.1.2
7c99e8596000-7c99e8691000 r-xp 00021000 fc:01 242754790                  /usr/lib/x86_64-linux-gnu/libxml2.so.16.1.2
7c99e8691000-7c99e86ce000 r--p 0011c000 fc:01 242754790                  /usr/lib/x86_64-linux-gnu/libxml2.so.16.1.2
7c99e86ce000-7c99e86d6000 r--p 00159000 fc:01 242754790                  /usr/lib/x86_64-linux-gnu/libxml2.so.16.1.2
7c99e86d6000-7c99e86d7000 rw-p 00161000 fc:01 242754790                  /usr/lib/x86_64-linux-gnu/libxml2.so.16.1.2
7c99e86d7000-7c99e86d8000 rw-p 00000000 00:00 0 
7c99e873b000-7c99e873e000 r--p 00000000 fc:01 242763204                  /usr/lib/x86_64-linux-gnu/libGLX.so.0.0.0
7c99e873e000-7c99e8759000 r-xp 00003000 fc:01 242763204                  /usr/lib/x86_64-linux-gnu/libGLX.so.0.0.0
7c99e8759000-7c99e875c000 r--p 0001e000 fc:01 242763204                  /usr/lib/x86_64-linux-gnu/libGLX.so.0.0.0
7c99e875c000-7c99e875d000 r--p 00021000 fc:01 242763204                  /usr/lib/x86_64-linux-gnu/libGLX.so.0.0.0
7c99e875d000-7c99e875e000 rw-p 00022000 fc:01 242763204                  /usr/lib/x86_64-linux-gnu/libGLX.so.0.0.0
7c99e875e000-7c99e876e000 rw-p 00000000 00:00 0 
7c99e8789000-7c99e878a000 r--p 00000000 fc:01 42337022                   /usr/lib/jvm/java-17-openjdk-amd64/lib/libextnet.so
7c99e878a000-7c99e878b000 r-xp 00001000 fc:01 42337022                   /usr/lib/jvm/java-17-openjdk-amd64/lib/libextnet.so
7c99e878b000-7c99e878c000 r--p 00002000 fc:01 42337022                   /usr/lib/jvm/java-17-openjdk-amd64/lib/libextnet.so
7c99e878c000-7c99e878d000 r--p 00002000 fc:01 42337022                   /usr/lib/jvm/java-17-openjdk-amd64/lib/libextnet.so
7c99e878d000-7c99e878e000 rw-p 00003000 fc:01 42337022                   /usr/lib/jvm/java-17-openjdk-amd64/lib/libextnet.so
7c99e878e000-7c99e878f000 r--p 00000000 fc:01 242779325                  /usr/lib/x86_64-linux-gnu/libnss_mdns4_minimal.so.2
7c99e878f000-7c99e8791000 r-xp 00001000 fc:01 242779325                  /usr/lib/x86_64-linux-gnu/libnss_mdns4_minimal.so.2
7c99e8791000-7c99e8792000 r--p 00003000 fc:01 242779325                  /usr/lib/x86_64-linux-gnu/libnss_mdns4_minimal.so.2
7c99e8792000-7c99e8793000 r--p 00003000 fc:01 242779325                  /usr/lib/x86_64-linux-gnu/libnss_mdns4_minimal.so.2
7c99e8793000-7c99e8794000 rw-p 00004000 fc:01 242779325                  /usr/lib/x86_64-linux-gnu/libnss_mdns4_minimal.so.2
7c99e8794000-7c99e8795000 r--p 00000000 00:00 0 
7c99e8795000-7c99e8796000 r-xp 00000000 00:00 0 
7c99e8796000-7c99e8797000 r--p 00000000 00:00 0 
7c99e8797000-7c99e8798000 r-xp 00000000 00:00 0 
7c99e8798000-7c99e8799000 rw-p 00000000 00:00 0 
7c99e8799000-7c99e879a000 r--p 00000000 00:00 0 
7c99e879a000-7c99e879b000 r-xp 00000000 00:00 0 
7c99e879b000-7c99e879c000 rw-p 00000000 00:00 0 
7c99e879c000-7c99e879d000 r--p 00000000 00:00 0 
7c99e879d000-7c99e879e000 r-xp 00000000 00:00 0 
7c99e879e000-7c99e879f000 r--p 00000000 00:00 0 
7c99e879f000-7c99e87a0000 r-xp 00000000 00:00 0 
7c99e87a0000-7c99e87d3000 r--p 00000000 00:34 148794                     /tmp/lwjgl_jw/3.3.3-snapshot/x64/liblwjgl_opengl.so
7c99e87d3000-7c99e87e7000 r-xp 00033000 00:34 148794                     /tmp/lwjgl_jw/3.3.3-snapshot/x64/liblwjgl_opengl.so
7c99e87e7000-7c99e87f7000 r--p 00047000 00:34 148794                     /tmp/lwjgl_jw/3.3.3-snapshot/x64/liblwjgl_opengl.so
7c99e87f7000-7c99e87f8000 r--p 00056000 00:34 148794                     /tmp/lwjgl_jw/3.3.3-snapshot/x64/liblwjgl_opengl.so
7c99e87f8000-7c99e87f9000 rw-p 00057000 00:34 148794                     /tmp/lwjgl_jw/3.3.3-snapshot/x64/liblwjgl_opengl.so
7c99e87f9000-7c99ec000000 rw-p 00000000 00:00 0 
7c99ec000000-7c99ec021000 rw-p 00000000 00:00 0 
7c99ec021000-7c99f0000000 ---p 00000000 00:00 0 
7c99f0000000-7c99f0022000 rw-p 00000000 00:00 0 
7c99f0022000-7c99f4000000 ---p 00000000 00:00 0 
7c99f4000000-7c99f40a7000 rw-p 00000000 00:00 0 
7c99f40a7000-7c99f8000000 ---p 00000000 00:00 0 
7c99f8000000-7c99f80dc000 rw-p 00000000 00:00 0 
7c99f80dc000-7c99fc000000 ---p 00000000 00:00 0 
7c99fc000000-7c99fc1a3000 rw-p 00000000 00:00 0 
7c99fc1a3000-7c9a00000000 ---p 00000000 00:00 0 
7c9a00000000-7c9a006e4000 rw-p 00000000 00:00 0 
7c9a006e4000-7c9a04000000 ---p 00000000 00:00 0 
7c9a04000000-7c9a04021000 rw-p 00000000 00:00 0 
7c9a04021000-7c9a08000000 ---p 00000000 00:00 0 
7c9a08000000-7c9a08021000 rw-p 00000000 00:00 0 
7c9a08021000-7c9a0c000000 ---p 00000000 00:00 0 
7c9a0c000000-7c9a0c021000 rw-p 00000000 00:00 0 
7c9a0c021000-7c9a10000000 ---p 00000000 00:00 0 
7c9a10000000-7c9a10021000 rw-p 00000000 00:00 0 
7c9a10021000-7c9a14000000 ---p 00000000 00:00 0 
7c9a14000000-7c9a14c91000 rw-p 00000000 00:00 0 
7c9a14c91000-7c9a18000000 ---p 00000000 00:00 0 
7c9a18000000-7c9a18295000 rw-p 00000000 00:00 0 
7c9a18295000-7c9a1c000000 ---p 00000000 00:00 0 
7c9a1c000000-7c9a1c021000 rw-p 00000000 00:00 0 
7c9a1c021000-7c9a20000000 ---p 00000000 00:00 0 
7c9a20000000-7c9a20021000 rw-p 00000000 00:00 0 
7c9a20021000-7c9a24000000 ---p 00000000 00:00 0 
7c9a24000000-7c9a24021000 rw-p 00000000 00:00 0 
7c9a24021000-7c9a28000000 ---p 00000000 00:00 0 
7c9a28000000-7c9a28021000 rw-p 00000000 00:00 0 
7c9a28021000-7c9a2c000000 ---p 00000000 00:00 0 
7c9a2c000000-7c9a2c021000 rw-p 00000000 00:00 0 
7c9a2c021000-7c9a30000000 ---p 00000000 00:00 0 
7c9a30000000-7c9a30001000 r--p 00000000 00:00 0 
7c9a30001000-7c9a30002000 r-xp 00000000 00:00 0 
7c9a30002000-7c9a30003000 rw-p 00000000 00:00 0 
7c9a30003000-7c9a30004000 r--p 00000000 00:00 0 
7c9a30004000-7c9a30005000 r-xp 00000000 00:00 0 
7c9a30005000-7c9a30009000 r--p 00000000 fc:01 242765286                  /usr/lib/x86_64-linux-gnu/libbsd.so.0.12.2
7c9a30009000-7c9a30015000 r-xp 00004000 fc:01 242765286                  /usr/lib/x86_64-linux-gnu/libbsd.so.0.12.2
7c9a30015000-7c9a30018000 r--p 00010000 fc:01 242765286                  /usr/lib/x86_64-linux-gnu/libbsd.so.0.12.2
7c9a30018000-7c9a30019000 r--p 00012000 fc:01 242765286                  /usr/lib/x86_64-linux-gnu/libbsd.so.0.12.2
7c9a30019000-7c9a3001a000 rw-p 00013000 fc:01 242765286                  /usr/lib/x86_64-linux-gnu/libbsd.so.0.12.2
7c9a3001a000-7c9a3001b000 rw-p 00000000 00:00 0 
7c9a3001b000-7c9a3001d000 r--p 00000000 fc:01 242754159                  /usr/lib/x86_64-linux-gnu/libpciaccess.so.0.11.1
7c9a3001d000-7c9a30022000 r-xp 00002000 fc:01 242754159                  /usr/lib/x86_64-linux-gnu/libpciaccess.so.0.11.1
7c9a30022000-7c9a30024000 r--p 00007000 fc:01 242754159                  /usr/lib/x86_64-linux-gnu/libpciaccess.so.0.11.1
7c9a30024000-7c9a30025000 r--p 00008000 fc:01 242754159                  /usr/lib/x86_64-linux-gnu/libpciaccess.so.0.11.1
7c9a30025000-7c9a30026000 rw-p 00009000 fc:01 242754159                  /usr/lib/x86_64-linux-gnu/libpciaccess.so.0.11.1
7c9a30026000-7c9a3002e000 r--p 00000000 fc:01 242749388                  /usr/lib/x86_64-linux-gnu/libedit.so.2.0.76
7c9a3002e000-7c9a3004d000 r-xp 00008000 fc:01 242749388                  /usr/lib/x86_64-linux-gnu/libedit.so.2.0.76
7c9a3004d000-7c9a30059000 r--p 00027000 fc:01 242749388                  /usr/lib/x86_64-linux-gnu/libedit.so.2.0.76
7c9a30059000-7c9a3005b000 r--p 00033000 fc:01 242749388                  /usr/lib/x86_64-linux-gnu/libedit.so.2.0.76
7c9a3005b000-7c9a3005c000 rw-p 00035000 fc:01 242749388                  /usr/lib/x86_64-linux-gnu/libedit.so.2.0.76
7c9a3005c000-7c9a30060000 rw-p 00000000 00:00 0 
7c9a30060000-7c9a30063000 r--p 00000000 fc:01 242746356                  /usr/lib/x86_64-linux-gnu/libdrm_intel.so.1.131.0
7c9a30063000-7c9a3007a000 r-xp 00003000 fc:01 242746356                  /usr/lib/x86_64-linux-gnu/libdrm_intel.so.1.131.0
7c9a3007a000-7c9a30084000 r--p 0001a000 fc:01 242746356                  /usr/lib/x86_64-linux-gnu/libdrm_intel.so.1.131.0
7c9a30084000-7c9a30085000 r--p 00023000 fc:01 242746356                  /usr/lib/x86_64-linux-gnu/libdrm_intel.so.1.131.0
7c9a30085000-7c9a30086000 rw-p 00024000 fc:01 242746356                  /usr/lib/x86_64-linux-gnu/libdrm_intel.so.1.131.0
7c9a30086000-7c9a30089000 r--p 00000000 fc:01 242748269                  /usr/lib/x86_64-linux-gnu/libdrm_amdgpu.so.1.131.0
7c9a30089000-7c9a3008f000 r-xp 00003000 fc:01 242748269                  /usr/lib/x86_64-linux-gnu/libdrm_amdgpu.so.1.131.0
7c9a3008f000-7c9a30091000 r--p 00009000 fc:01 242748269                  /usr/lib/x86_64-linux-gnu/libdrm_amdgpu.so.1.131.0
7c9a30091000-7c9a30092000 r--p 0000a000 fc:01 242748269                  /usr/lib/x86_64-linux-gnu/libdrm_amdgpu.so.1.131.0
7c9a30092000-7c9a30093000 rw-p 0000b000 fc:01 242748269                  /usr/lib/x86_64-linux-gnu/libdrm_amdgpu.so.1.131.0
7c9a30093000-7c9a30097000 r--p 00000000 fc:01 242761773                  /usr/lib/x86_64-linux-gnu/libelf-0.194.so
7c9a30097000-7c9a300ae000 r-xp 00004000 fc:01 242761773                  /usr/lib/x86_64-linux-gnu/libelf-0.194.so
7c9a300ae000-7c9a300b2000 r--p 0001b000 fc:01 242761773                  /usr/lib/x86_64-linux-gnu/libelf-0.194.so
7c9a300b2000-7c9a300b3000 r--p 0001f000 fc:01 242761773                  /usr/lib/x86_64-linux-gnu/libelf-0.194.so
7c9a300b3000-7c9a300b4000 rw-p 00020000 fc:01 242761773                  /usr/lib/x86_64-linux-gnu/libelf-0.194.so
7c9a300b4000-7c9a300b5000 r--p 00000000 fc:01 242763185                  /usr/lib/x86_64-linux-gnu/libxshmfence.so.1.0.0
7c9a300b5000-7c9a300b6000 r-xp 00001000 fc:01 242763185                  /usr/lib/x86_64-linux-gnu/libxshmfence.so.1.0.0
7c9a300b6000-7c9a300b7000 r--p 00002000 fc:01 242763185                  /usr/lib/x86_64-linux-gnu/libxshmfence.so.1.0.0
7c9a300b7000-7c9a300b8000 r--p 00002000 fc:01 242763185                  /usr/lib/x86_64-linux-gnu/libxshmfence.so.1.0.0
7c9a300b8000-7c9a300b9000 rw-p 00003000 fc:01 242763185                  /usr/lib/x86_64-linux-gnu/libxshmfence.so.1.0.0
7c9a300b9000-7c9a300bc000 r--p 00000000 fc:01 242763186                  /usr/lib/x86_64-linux-gnu/libxcb-sync.so.1.0.0
7c9a300bc000-7c9a300bf000 r-xp 00003000 fc:01 242763186                  /usr/lib/x86_64-linux-gnu/libxcb-sync.so.1.0.0
7c9a300bf000-7c9a300c0000 r--p 00006000 fc:01 242763186                  /usr/lib/x86_64-linux-gnu/libxcb-sync.so.1.0.0
7c9a300c0000-7c9a300c1000 r--p 00007000 fc:01 242763186                  /usr/lib/x86_64-linux-gnu/libxcb-sync.so.1.0.0
7c9a300c1000-7c9a300c2000 rw-p 00008000 fc:01 242763186                  /usr/lib/x86_64-linux-gnu/libxcb-sync.so.1.0.0
7c9a300c2000-7c9a300c5000 r--p 00000000 fc:01 242763188                  /usr/lib/x86_64-linux-gnu/libsensors.so.5.0.0
7c9a300c5000-7c9a300cd000 r-xp 00003000 fc:01 242763188                  /usr/lib/x86_64-linux-gnu/libsensors.so.5.0.0
7c9a300cd000-7c9a300d1000 r--p 0000b000 fc:01 242763188                  /usr/lib/x86_64-linux-gnu/libsensors.so.5.0.0
7c9a300d1000-7c9a300d2000 r--p 0000f000 fc:01 242763188                  /usr/lib/x86_64-linux-gnu/libsensors.so.5.0.0
7c9a300d2000-7c9a300d3000 rw-p 00010000 fc:01 242763188                  /usr/lib/x86_64-linux-gnu/libsensors.so.5.0.0
7c9a300d3000-7c9a300d7000 r--p 00000000 fc:01 242759212                  /usr/lib/x86_64-linux-gnu/libzstd.so.1.5.7
7c9a300d7000-7c9a30187000 r-xp 00004000 fc:01 242759212                  /usr/lib/x86_64-linux-gnu/libzstd.so.1.5.7
7c9a30187000-7c9a30194000 r--p 000b4000 fc:01 242759212                  /usr/lib/x86_64-linux-gnu/libzstd.so.1.5.7
7c9a30194000-7c9a30195000 r--p 000c1000 fc:01 242759212                  /usr/lib/x86_64-linux-gnu/libzstd.so.1.5.7
7c9a30195000-7c9a30196000 rw-p 000c2000 fc:01 242759212                  /usr/lib/x86_64-linux-gnu/libzstd.so.1.5.7
7c9a30196000-7c9a30199000 r--p 00000000 fc:01 242761455                  /usr/lib/x86_64-linux-gnu/libxcb-xfixes.so.0.0.0
7c9a30199000-7c9a3019c000 r-xp 00003000 fc:01 242761455                  /usr/lib/x86_64-linux-gnu/libxcb-xfixes.so.0.0.0
7c9a3019c000-7c9a3019e000 r--p 00006000 fc:01 242761455                  /usr/lib/x86_64-linux-gnu/libxcb-xfixes.so.0.0.0
7c9a3019e000-7c9a3019f000 r--p 00007000 fc:01 242761455                  /usr/lib/x86_64-linux-gnu/libxcb-xfixes.so.0.0.0
7c9a3019f000-7c9a301a0000 rw-p 00008000 fc:01 242761455                  /usr/lib/x86_64-linux-gnu/libxcb-xfixes.so.0.0.0
7c9a301a0000-7c9a301a7000 r--p 00000000 fc:01 242749365                  /usr/lib/x86_64-linux-gnu/libxcb-randr.so.0.1.0
7c9a301a7000-7c9a301ac000 r-xp 00007000 fc:01 242749365                  /usr/lib/x86_64-linux-gnu/libxcb-randr.so.0.1.0
7c9a301ac000-7c9a301af000 r--p 0000c000 fc:01 242749365                  /usr/lib/x86_64-linux-gnu/libxcb-randr.so.0.1.0
7c9a301af000-7c9a301b0000 r--p 0000f000 fc:01 242749365                  /usr/lib/x86_64-linux-gnu/libxcb-randr.so.0.1.0
7c9a301b0000-7c9a301b1000 rw-p 00010000 fc:01 242749365                  /usr/lib/x86_64-linux-gnu/libxcb-randr.so.0.1.0
7c9a301b1000-7c9a301c1000 r--p 00000000 fc:01 242749914                  /usr/lib/x86_64-linux-gnu/libEGL_mesa.so.0.0.0
7c9a301c1000-7c9a301fc000 r-xp 00010000 fc:01 242749914                  /usr/lib/x86_64-linux-gnu/libEGL_mesa.so.0.0.0
7c9a301fc000-7c9a3020e000 r--p 0004b000 fc:01 242749914                  /usr/lib/x86_64-linux-gnu/libEGL_mesa.so.0.0.0
7c9a3020e000-7c9a3021a000 r--p 0005c000 fc:01 242749914                  /usr/lib/x86_64-linux-gnu/libEGL_mesa.so.0.0.0
7c9a3021a000-7c9a3021b000 rw-p 00068000 fc:01 242749914                  /usr/lib/x86_64-linux-gnu/libEGL_mesa.so.0.0.0
7c9a3021b000-7c9a3021c000 rw-p 00000000 00:00 0 
7c9a3021c000-7c9a3021d000 r--p 00000000 fc:01 242765361                  /usr/lib/x86_64-linux-gnu/libX11-xcb.so.1.0.0
7c9a3021d000-7c9a3021e000 r-xp 00001000 fc:01 242765361                  /usr/lib/x86_64-linux-gnu/libX11-xcb.so.1.0.0
7c9a3021e000-7c9a3021f000 r--p 00002000 fc:01 242765361                  /usr/lib/x86_64-linux-gnu/libX11-xcb.so.1.0.0
7c9a3021f000-7c9a30220000 r--p 00002000 fc:01 242765361                  /usr/lib/x86_64-linux-gnu/libX11-xcb.so.1.0.0
7c9a30220000-7c9a30221000 rw-p 00003000 fc:01 242765361                  /usr/lib/x86_64-linux-gnu/libX11-xcb.so.1.0.0
7c9a30235000-7c9a30237000 r--p 00000000 fc:01 242748277                  /usr/lib/x86_64-linux-gnu/libxcb-dri3.so.0.1.0
7c9a30237000-7c9a30239000 r-xp 00002000 fc:01 242748277                  /usr/lib/x86_64-linux-gnu/libxcb-dri3.so.0.1.0
7c9a30239000-7c9a3023a000 r--p 00004000 fc:01 242748277                  /usr/lib/x86_64-linux-gnu/libxcb-dri3.so.0.1.0
7c9a3023a000-7c9a3023b000 r--p 00004000 fc:01 242748277                  /usr/lib/x86_64-linux-gnu/libxcb-dri3.so.0.1.0
7c9a3023b000-7c9a3023c000 rw-p 00005000 fc:01 242748277                  /usr/lib/x86_64-linux-gnu/libxcb-dri3.so.0.1.0
7c9a3023c000-7c9a3023d000 r--p 00000000 00:00 0 
7c9a3023d000-7c9a3023e000 r-xp 00000000 00:00 0 
7c9a3025e000-7c9a3026e000 rw-s 00000000 00:07 1428                       /dev/nvidia0
7c9a3026e000-7c9a30273000 r--p 00000000 fc:01 242747584                  /usr/lib/x86_64-linux-gnu/libdrm.so.2.131.0
7c9a30273000-7c9a3027f000 r-xp 00005000 fc:01 242747584                  /usr/lib/x86_64-linux-gnu/libdrm.so.2.131.0
7c9a3027f000-7c9a30283000 r--p 00011000 fc:01 242747584                  /usr/lib/x86_64-linux-gnu/libdrm.so.2.131.0
7c9a30283000-7c9a30284000 r--p 00015000 fc:01 242747584                  /usr/lib/x86_64-linux-gnu/libdrm.so.2.131.0
7c9a30284000-7c9a30285000 rw-p 00016000 fc:01 242747584                  /usr/lib/x86_64-linux-gnu/libdrm.so.2.131.0
7c9a302b1000-7c9a302c1000 r--p 00000000 fc:01 242779340                  /usr/lib/x86_64-linux-gnu/libnvidia-glsi.so.580.159.03
7c9a302c1000-7c9a30321000 r-xp 00010000 fc:01 242779340                  /usr/lib/x86_64-linux-gnu/libnvidia-glsi.so.580.159.03
7c9a30321000-7c9a3033e000 r--p 00070000 fc:01 242779340                  /usr/lib/x86_64-linux-gnu/libnvidia-glsi.so.580.159.03
7c9a3033e000-7c9a30344000 r--p 0008c000 fc:01 242779340                  /usr/lib/x86_64-linux-gnu/libnvidia-glsi.so.580.159.03
7c9a30344000-7c9a30345000 rw-p 00092000 fc:01 242779340                  /usr/lib/x86_64-linux-gnu/libnvidia-glsi.so.580.159.03
7c9a30345000-7c9a3034d000 rw-p 00000000 00:00 0 
7c9a3034d000-7c9a30381000 r--p 00000000 fc:01 242762949                  /usr/lib/x86_64-linux-gnu/libEGL_nvidia.so.580.159.03
7c9a30381000-7c9a30418000 r-xp 00034000 fc:01 242762949                  /usr/lib/x86_64-linux-gnu/libEGL_nvidia.so.580.159.03
7c9a30418000-7c9a3046c000 r--p 000cb000 fc:01 242762949                  /usr/lib/x86_64-linux-gnu/libEGL_nvidia.so.580.159.03
7c9a3046c000-7c9a3046d000 ---p 0011f000 fc:01 242762949                  /usr/lib/x86_64-linux-gnu/libEGL_nvidia.so.580.159.03
7c9a3046d000-7c9a30475000 r--p 0011f000 fc:01 242762949                  /usr/lib/x86_64-linux-gnu/libEGL_nvidia.so.580.159.03
7c9a30475000-7c9a3048b000 rw-p 00127000 fc:01 242762949                  /usr/lib/x86_64-linux-gnu/libEGL_nvidia.so.580.159.03
7c9a3048b000-7c9a30490000 rw-p 00000000 00:00 0 
7c9a30490000-7c9a304d1000 r--p 00000000 fc:01 242763246                  /usr/lib/x86_64-linux-gnu/libGLdispatch.so.0.0.0
7c9a304d1000-7c9a30510000 r-xp 00041000 fc:01 242763246                  /usr/lib/x86_64-linux-gnu/libGLdispatch.so.0.0.0
7c9a30510000-7c9a30524000 r--p 00080000 fc:01 242763246                  /usr/lib/x86_64-linux-gnu/libGLdispatch.so.0.0.0
7c9a30524000-7c9a30540000 r--p 00093000 fc:01 242763246                  /usr/lib/x86_64-linux-gnu/libGLdispatch.so.0.0.0
7c9a30540000-7c9a30541000 rw-p 000af000 fc:01 242763246                  /usr/lib/x86_64-linux-gnu/libGLdispatch.so.0.0.0
7c9a30541000-7c9a30549000 rw-p 00000000 00:00 0 
7c9a30549000-7c9a3054a000 r--p 00000000 00:00 0 
7c9a3054a000-7c9a3054b000 r-xp 00000000 00:00 0 
7c9a3054b000-7c9a3054c000 r--p 00000000 00:00 0 
7c9a30560000-7c9a30569000 rw-s 00008000 00:01 2609                       /memfd:pipewire-memfd:flags=0x0000000f,type=2,size=65664 (deleted)
7c9a30569000-7c9a30572000 rw-s 00000000 00:01 2609                       /memfd:pipewire-memfd:flags=0x0000000f,type=2,size=65664 (deleted)
7c9a30572000-7c9a3057b000 rw-s 00008000 00:01 2608                       /memfd:pipewire-memfd:flags=0x0000000f,type=2,size=65664 (deleted)
7c9a3057b000-7c9a3057f000 ---p 00000000 00:00 0 
7c9a3057f000-7c9a3067b000 rw-p 00000000 00:00 0 
7c9a30683000-7c9a3068c000 rw-s 00000000 00:01 2608                       /memfd:pipewire-memfd:flags=0x0000000f,type=2,size=65664 (deleted)
7c9a3068c000-7c9a3068f000 r--p 00000000 fc:01 242755724                  /usr/lib/x86_64-linux-gnu/libEGL.so.1.1.0
7c9a3068f000-7c9a30699000 r-xp 00003000 fc:01 242755724                  /usr/lib/x86_64-linux-gnu/libEGL.so.1.1.0
7c9a30699000-7c9a3069d000 r--p 0000d000 fc:01 242755724                  /usr/lib/x86_64-linux-gnu/libEGL.so.1.1.0
7c9a3069d000-7c9a3069e000 r--p 00010000 fc:01 242755724                  /usr/lib/x86_64-linux-gnu/libEGL.so.1.1.0
7c9a3069e000-7c9a3069f000 rw-p 00011000 fc:01 242755724                  /usr/lib/x86_64-linux-gnu/libEGL.so.1.1.0
7c9a3069f000-7c9a306ab000 r--p 00000000 fc:01 242752575                  /usr/lib/x86_64-linux-gnu/spa-0.2/audioconvert/libspa-audioconvert.so
7c9a306ab000-7c9a3070c000 r-xp 0000c000 fc:01 242752575                  /usr/lib/x86_64-linux-gnu/spa-0.2/audioconvert/libspa-audioconvert.so
7c9a3070c000-7c9a30777000 r--p 0006d000 fc:01 242752575                  /usr/lib/x86_64-linux-gnu/spa-0.2/audioconvert/libspa-audioconvert.so
7c9a30777000-7c9a30785000 r--p 000d7000 fc:01 242752575                  /usr/lib/x86_64-linux-gnu/spa-0.2/audioconvert/libspa-audioconvert.so
7c9a30785000-7c9a30788000 rw-p 000e5000 fc:01 242752575                  /usr/lib/x86_64-linux-gnu/spa-0.2/audioconvert/libspa-audioconvert.so
7c9a30788000-7c9a30f89000 rw-p 00000000 00:00 0 
7c9a30f89000-7c9a30f8d000 r--p 00000000 fc:01 242752317                  /usr/lib/x86_64-linux-gnu/pipewire-0.3/libpipewire-module-session-manager.so
7c9a30f8d000-7c9a30fac000 r-xp 00004000 fc:01 242752317                  /usr/lib/x86_64-linux-gnu/pipewire-0.3/libpipewire-module-session-manager.so
7c9a30fac000-7c9a30fb1000 r--p 00023000 fc:01 242752317                  /usr/lib/x86_64-linux-gnu/pipewire-0.3/libpipewire-module-session-manager.so
7c9a30fb1000-7c9a30fb3000 r--p 00027000 fc:01 242752317                  /usr/lib/x86_64-linux-gnu/pipewire-0.3/libpipewire-module-session-manager.so
7c9a30fb3000-7c9a30fb4000 rw-p 00029000 fc:01 242752317                  /usr/lib/x86_64-linux-gnu/pipewire-0.3/libpipewire-module-session-manager.so
7c9a30fb4000-7c9a30fb7000 r--p 00000000 fc:01 242752296                  /usr/lib/x86_64-linux-gnu/pipewire-0.3/libpipewire-module-metadata.so
7c9a30fb7000-7c9a30fc1000 r-xp 00003000 fc:01 242752296                  /usr/lib/x86_64-linux-gnu/pipewire-0.3/libpipewire-module-metadata.so
7c9a30fc1000-7c9a30fc3000 r--p 0000d000 fc:01 242752296                  /usr/lib/x86_64-linux-gnu/pipewire-0.3/libpipewire-module-metadata.so
7c9a30fc3000-7c9a30fc4000 r--p 0000e000 fc:01 242752296                  /usr/lib/x86_64-linux-gnu/pipewire-0.3/libpipewire-module-metadata.so
7c9a30fc4000-7c9a30fc5000 rw-p 0000f000 fc:01 242752296                  /usr/lib/x86_64-linux-gnu/pipewire-0.3/libpipewire-module-metadata.so
7c9a30fc5000-7c9a317c6000 rw-p 00000000 00:00 0 
7c9a317c6000-7c9a317eb000 r--p 00000000 fc:01 242752547                  /usr/lib/x86_64-linux-gnu/libpipewire-0.3.so.0.1602.0
7c9a317eb000-7c9a31870000 r-xp 00025000 fc:01 242752547                  /usr/lib/x86_64-linux-gnu/libpipewire-0.3.so.0.1602.0
7c9a31870000-7c9a3188c000 r--p 000aa000 fc:01 242752547                  /usr/lib/x86_64-linux-gnu/libpipewire-0.3.so.0.1602.0
7c9a3188c000-7c9a318a7000 r--p 000c6000 fc:01 242752547                  /usr/lib/x86_64-linux-gnu/libpipewire-0.3.so.0.1602.0
7c9a318a7000-7c9a318a8000 rw-p 000e1000 fc:01 242752547                  /usr/lib/x86_64-linux-gnu/libpipewire-0.3.so.0.1602.0
7c9a318a8000-7c9a318a9000 rw-p 00000000 00:00 0 
7c9a318a9000-7c9a318bc000 r--p 00000000 00:34 148793                     /tmp/lwjgl_jw/3.3.3-snapshot/x64/libopenal.so
7c9a318bc000-7c9a3195c000 r-xp 00013000 00:34 148793                     /tmp/lwjgl_jw/3.3.3-snapshot/x64/libopenal.so
7c9a3195c000-7c9a319be000 r--p 000b3000 00:34 148793                     /tmp/lwjgl_jw/3.3.3-snapshot/x64/libopenal.so
7c9a319be000-7c9a319bf000 ---p 00115000 00:34 148793                     /tmp/lwjgl_jw/3.3.3-snapshot/x64/libopenal.so
7c9a319bf000-7c9a319c4000 r--p 00115000 00:34 148793                     /tmp/lwjgl_jw/3.3.3-snapshot/x64/libopenal.so
7c9a319c4000-7c9a319c5000 rw-p 0011a000 00:34 148793                     /tmp/lwjgl_jw/3.3.3-snapshot/x64/libopenal.so
7c9a319c5000-7c9a31a40000 rw-p 00000000 00:00 0 
7c9a31a40000-7c9a31a44000 ---p 00000000 00:00 0 
7c9a31a44000-7c9a31b40000 rw-p 00000000 00:00 0 
7c9a31b40000-7c9a31b44000 ---p 00000000 00:00 0 
7c9a31b44000-7c9a31c40000 rw-p 00000000 00:00 0 
7c9a31c40000-7c9a31d30000 rw-s 00000000 00:01 14975                      /memfd:wayland-cursor (deleted)
7c9a31d30000-7c9a31e00000 rw-s 00000000 00:01 14974                      /memfd:wayland-cursor (deleted)
7c9a31e00000-7c9a31e27000 r--p 00000000 fc:01 242755029                  /usr/lib/x86_64-linux-gnu/libglycin-2.so.0
7c9a31e27000-7c9a3213d000 r-xp 00027000 fc:01 242755029                  /usr/lib/x86_64-linux-gnu/libglycin-2.so.0
7c9a3213d000-7c9a321d8000 r--p 0033d000 fc:01 242755029                  /usr/lib/x86_64-linux-gnu/libglycin-2.so.0
7c9a321d8000-7c9a321f1000 r--p 003d7000 fc:01 242755029                  /usr/lib/x86_64-linux-gnu/libglycin-2.so.0
7c9a321f1000-7c9a321f4000 rw-p 003f0000 fc:01 242755029                  /usr/lib/x86_64-linux-gnu/libglycin-2.so.0
7c9a321f4000-7c9a321f6000 r--p 00000000 fc:01 242746395                  /usr/lib/x86_64-linux-gnu/libgbm.so.1.0.0
7c9a321f6000-7c9a321f8000 r-xp 00002000 fc:01 242746395                  /usr/lib/x86_64-linux-gnu/libgbm.so.1.0.0
7c9a321f8000-7c9a321f9000 r--p 00004000 fc:01 242746395                  /usr/lib/x86_64-linux-gnu/libgbm.so.1.0.0
7c9a321f9000-7c9a321fa000 r--p 00004000 fc:01 242746395                  /usr/lib/x86_64-linux-gnu/libgbm.so.1.0.0
7c9a321fa000-7c9a321fb000 rw-p 00005000 fc:01 242746395                  /usr/lib/x86_64-linux-gnu/libgbm.so.1.0.0
7c9a321fb000-7c9a321fd000 r--p 00000000 fc:01 242752284                  /usr/lib/x86_64-linux-gnu/pipewire-0.3/libpipewire-module-adapter.so
7c9a321fd000-7c9a32201000 r-xp 00002000 fc:01 242752284                  /usr/lib/x86_64-linux-gnu/pipewire-0.3/libpipewire-module-adapter.so
7c9a32201000-7c9a32203000 r--p 00006000 fc:01 242752284                  /usr/lib/x86_64-linux-gnu/pipewire-0.3/libpipewire-module-adapter.so
7c9a32203000-7c9a32204000 r--p 00007000 fc:01 242752284                  /usr/lib/x86_64-linux-gnu/pipewire-0.3/libpipewire-module-adapter.so
7c9a32204000-7c9a32205000 rw-p 00008000 fc:01 242752284                  /usr/lib/x86_64-linux-gnu/pipewire-0.3/libpipewire-module-adapter.so
7c9a32205000-7c9a32207000 r--p 00000000 fc:01 242752286                  /usr/lib/x86_64-linux-gnu/pipewire-0.3/libpipewire-module-client-device.so
7c9a32207000-7c9a32214000 r-xp 00002000 fc:01 242752286                  /usr/lib/x86_64-linux-gnu/pipewire-0.3/libpipewire-module-client-device.so
7c9a32214000-7c9a32215000 r--p 0000f000 fc:01 242752286                  /usr/lib/x86_64-linux-gnu/pipewire-0.3/libpipewire-module-client-device.so
7c9a32215000-7c9a32216000 r--p 00010000 fc:01 242752286                  /usr/lib/x86_64-linux-gnu/pipewire-0.3/libpipewire-module-client-device.so
7c9a32216000-7c9a32217000 rw-p 00011000 fc:01 242752286                  /usr/lib/x86_64-linux-gnu/pipewire-0.3/libpipewire-module-client-device.so
7c9a32217000-7c9a3221b000 r--p 00000000 fc:01 242752287                  /usr/lib/x86_64-linux-gnu/pipewire-0.3/libpipewire-module-client-node.so
7c9a3221b000-7c9a32236000 r-xp 00004000 fc:01 242752287                  /usr/lib/x86_64-linux-gnu/pipewire-0.3/libpipewire-module-client-node.so
7c9a32236000-7c9a3223b000 r--p 0001f000 fc:01 242752287                  /usr/lib/x86_64-linux-gnu/pipewire-0.3/libpipewire-module-client-node.so
7c9a3223b000-7c9a3223d000 r--p 00023000 fc:01 242752287                  /usr/lib/x86_64-linux-gnu/pipewire-0.3/libpipewire-module-client-node.so
7c9a3223d000-7c9a3223e000 rw-p 00025000 fc:01 242752287                  /usr/lib/x86_64-linux-gnu/pipewire-0.3/libpipewire-module-client-node.so
7c9a3223e000-7c9a3224b000 r--p 00000000 fc:01 242752303                  /usr/lib/x86_64-linux-gnu/pipewire-0.3/libpipewire-module-protocol-native.so
7c9a3224b000-7c9a3226a000 r-xp 0000d000 fc:01 242752303                  /usr/lib/x86_64-linux-gnu/pipewire-0.3/libpipewire-module-protocol-native.so
7c9a3226a000-7c9a32275000 r--p 0002c000 fc:01 242752303                  /usr/lib/x86_64-linux-gnu/pipewire-0.3/libpipewire-module-protocol-native.so
7c9a32275000-7c9a32280000 r--p 00036000 fc:01 242752303                  /usr/lib/x86_64-linux-gnu/pipewire-0.3/libpipewire-module-protocol-native.so
7c9a32280000-7c9a32281000 rw-p 00041000 fc:01 242752303                  /usr/lib/x86_64-linux-gnu/pipewire-0.3/libpipewire-module-protocol-native.so
7c9a32281000-7c9a32283000 r--p 00000000 fc:01 242752311                  /usr/lib/x86_64-linux-gnu/pipewire-0.3/libpipewire-module-rt.so
7c9a32283000-7c9a32287000 r-xp 00002000 fc:01 242752311                  /usr/lib/x86_64-linux-gnu/pipewire-0.3/libpipewire-module-rt.so
7c9a32287000-7c9a32289000 r--p 00006000 fc:01 242752311                  /usr/lib/x86_64-linux-gnu/pipewire-0.3/libpipewire-module-rt.so
7c9a32289000-7c9a3228a000 r--p 00007000 fc:01 242752311                  /usr/lib/x86_64-linux-gnu/pipewire-0.3/libpipewire-module-rt.so
7c9a3228a000-7c9a3228b000 rw-p 00008000 fc:01 242752311                  /usr/lib/x86_64-linux-gnu/pipewire-0.3/libpipewire-module-rt.so
7c9a3228b000-7c9a32292000 r--s 00000000 fc:01 242760178                  /usr/lib/x86_64-linux-gnu/gconv/gconv-modules.cache
7c9a32292000-7c9a32293000 r--p 00000000 fc:01 242755547                  /usr/lib/x86_64-linux-gnu/libXRes.so.1.0.0
7c9a32293000-7c9a32295000 r-xp 00001000 fc:01 242755547                  /usr/lib/x86_64-linux-gnu/libXRes.so.1.0.0
7c9a32295000-7c9a32296000 r--p 00003000 fc:01 242755547                  /usr/lib/x86_64-linux-gnu/libXRes.so.1.0.0
7c9a32296000-7c9a32297000 r--p 00003000 fc:01 242755547                  /usr/lib/x86_64-linux-gnu/libXRes.so.1.0.0
7c9a32297000-7c9a32298000 rw-p 00004000 fc:01 242755547                  /usr/lib/x86_64-linux-gnu/libXRes.so.1.0.0
7c9a32298000-7c9a3229b000 r--p 00000000 fc:01 242749375                  /usr/lib/x86_64-linux-gnu/libseccomp.so.2.6.0
7c9a3229b000-7c9a322ab000 r-xp 00003000 fc:01 242749375                  /usr/lib/x86_64-linux-gnu/libseccomp.so.2.6.0
7c9a322ab000-7c9a322c4000 r--p 00013000 fc:01 242749375                  /usr/lib/x86_64-linux-gnu/libseccomp.so.2.6.0
7c9a322c4000-7c9a322c5000 r--p 0002c000 fc:01 242749375                  /usr/lib/x86_64-linux-gnu/libseccomp.so.2.6.0
7c9a322c5000-7c9a322c6000 rw-p 0002d000 fc:01 242749375                  /usr/lib/x86_64-linux-gnu/libseccomp.so.2.6.0
7c9a322c6000-7c9a322d0000 r--p 00000000 fc:01 242763352                  /usr/lib/x86_64-linux-gnu/liblcms2.so.2.0.17
7c9a322d0000-7c9a32314000 r-xp 0000a000 fc:01 242763352                  /usr/lib/x86_64-linux-gnu/liblcms2.so.2.0.17
7c9a32314000-7c9a32327000 r--p 0004e000 fc:01 242763352                  /usr/lib/x86_64-linux-gnu/liblcms2.so.2.0.17
7c9a32327000-7c9a32329000 r--p 00061000 fc:01 242763352                  /usr/lib/x86_64-linux-gnu/liblcms2.so.2.0.17
7c9a32329000-7c9a3232c000 rw-p 00063000 fc:01 242763352                  /usr/lib/x86_64-linux-gnu/liblcms2.so.2.0.17
7c9a3232c000-7c9a3232d000 rw-p 00000000 00:00 0 
7c9a3232d000-7c9a3232f000 r--p 00000000 fc:01 242769998                  /usr/lib/x86_64-linux-gnu/libdatrie.so.1.4.1
7c9a3232f000-7c9a32333000 r-xp 00002000 fc:01 242769998                  /usr/lib/x86_64-linux-gnu/libdatrie.so.1.4.1
7c9a32333000-7c9a32334000 r--p 00006000 fc:01 242769998                  /usr/lib/x86_64-linux-gnu/libdatrie.so.1.4.1
7c9a32334000-7c9a32335000 r--p 00006000 fc:01 242769998                  /usr/lib/x86_64-linux-gnu/libdatrie.so.1.4.1
7c9a32335000-7c9a32336000 rw-p 00007000 fc:01 242769998                  /usr/lib/x86_64-linux-gnu/libdatrie.so.1.4.1
7c9a32336000-7c9a3233d000 r--p 00000000 fc:01 242747737                  /usr/lib/x86_64-linux-gnu/libblkid.so.1.1.0
7c9a3233d000-7c9a32362000 r-xp 00007000 fc:01 242747737                  /usr/lib/x86_64-linux-gnu/libblkid.so.1.1.0
7c9a32362000-7c9a3236b000 r--p 0002c000 fc:01 242747737                  /usr/lib/x86_64-linux-gnu/libblkid.so.1.1.0
7c9a3236b000-7c9a32371000 r--p 00034000 fc:01 242747737                  /usr/lib/x86_64-linux-gnu/libblkid.so.1.1.0
7c9a32371000-7c9a32372000 rw-p 0003a000 fc:01 242747737                  /usr/lib/x86_64-linux-gnu/libblkid.so.1.1.0
7c9a32372000-7c9a32373000 r--p 00000000 fc:01 242752036                  /usr/lib/x86_64-linux-gnu/libbrotlicommon.so.1.2.0
7c9a32373000-7c9a32374000 r-xp 00001000 fc:01 242752036                  /usr/lib/x86_64-linux-gnu/libbrotlicommon.so.1.2.0
7c9a32374000-7c9a32393000 r--p 00002000 fc:01 242752036                  /usr/lib/x86_64-linux-gnu/libbrotlicommon.so.1.2.0
7c9a32393000-7c9a32394000 r--p 00021000 fc:01 242752036                  /usr/lib/x86_64-linux-gnu/libbrotlicommon.so.1.2.0
7c9a32394000-7c9a32395000 rw-p 00022000 fc:01 242752036                  /usr/lib/x86_64-linux-gnu/libbrotlicommon.so.1.2.0
7c9a32395000-7c9a323a6000 r--p 00000000 fc:01 242745886                  /usr/lib/x86_64-linux-gnu/libatspi.so.0.0.1
7c9a323a6000-7c9a323c2000 r-xp 00011000 fc:01 242745886                  /usr/lib/x86_64-linux-gnu/libatspi.so.0.0.1
7c9a323c2000-7c9a323d0000 r--p 0002d000 fc:01 242745886                  /usr/lib/x86_64-linux-gnu/libatspi.so.0.0.1
7c9a323d0000-7c9a323d4000 r--p 0003a000 fc:01 242745886                  /usr/lib/x86_64-linux-gnu/libatspi.so.0.0.1
7c9a323d4000-7c9a323d5000 rw-p 0003e000 fc:01 242745886                  /usr/lib/x86_64-linux-gnu/libatspi.so.0.0.1
7c9a323d5000-7c9a323d8000 r--p 00000000 fc:01 242745426                  /usr/lib/x86_64-linux-gnu/libgraphite2.so.3.2.1
7c9a323d8000-7c9a323f5000 r-xp 00003000 fc:01 242745426                  /usr/lib/x86_64-linux-gnu/libgraphite2.so.3.2.1
7c9a323f5000-7c9a323f8000 r--p 00020000 fc:01 242745426                  /usr/lib/x86_64-linux-gnu/libgraphite2.so.3.2.1
7c9a323f8000-7c9a323fa000 r--p 00022000 fc:01 242745426                  /usr/lib/x86_64-linux-gnu/libgraphite2.so.3.2.1
7c9a323fa000-7c9a323fb000 rw-p 00024000 fc:01 242745426                  /usr/lib/x86_64-linux-gnu/libgraphite2.so.3.2.1
7c9a323fb000-7c9a323fd000 r--p 00000000 fc:01 242762891                  /usr/lib/x86_64-linux-gnu/libthai.so.0.3.2
7c9a323fd000-7c9a32402000 r-xp 00002000 fc:01 242762891                  /usr/lib/x86_64-linux-gnu/libthai.so.0.3.2
7c9a32402000-7c9a32405000 r--p 00007000 fc:01 242762891                  /usr/lib/x86_64-linux-gnu/libthai.so.0.3.2
7c9a32405000-7c9a32406000 r--p 00009000 fc:01 242762891                  /usr/lib/x86_64-linux-gnu/libthai.so.0.3.2
7c9a32406000-7c9a32407000 rw-p 0000a000 fc:01 242762891                  /usr/lib/x86_64-linux-gnu/libthai.so.0.3.2
7c9a32407000-7c9a3240e000 r--p 00000000 fc:01 242760516                  /usr/lib/x86_64-linux-gnu/libselinux.so.1
7c9a3240e000-7c9a3242f000 r-xp 00007000 fc:01 242760516                  /usr/lib/x86_64-linux-gnu/libselinux.so.1
7c9a3242f000-7c9a32436000 r--p 00028000 fc:01 242760516                  /usr/lib/x86_64-linux-gnu/libselinux.so.1
7c9a32436000-7c9a32437000 r--p 0002f000 fc:01 242760516                  /usr/lib/x86_64-linux-gnu/libselinux.so.1
7c9a32437000-7c9a32438000 rw-p 00030000 fc:01 242760516                  /usr/lib/x86_64-linux-gnu/libselinux.so.1
7c9a32438000-7c9a3243a000 rw-p 00000000 00:00 0 
7c9a3243a000-7c9a32444000 r--p 00000000 fc:01 242747837                  /usr/lib/x86_64-linux-gnu/libmount.so.1.1.0
7c9a32444000-7c9a3247c000 r-xp 0000a000 fc:01 242747837                  /usr/lib/x86_64-linux-gnu/libmount.so.1.1.0
7c9a3247c000-7c9a3248a000 r--p 00042000 fc:01 242747837                  /usr/lib/x86_64-linux-gnu/libmount.so.1.1.0
7c9a3248a000-7c9a3248c000 r--p 00050000 fc:01 242747837                  /usr/lib/x86_64-linux-gnu/libmount.so.1.1.0
7c9a3248c000-7c9a3248d000 rw-p 00052000 fc:01 242747837                  /usr/lib/x86_64-linux-gnu/libmount.so.1.1.0
7c9a3248d000-7c9a3248f000 r--p 00000000 fc:01 242760206                  /usr/lib/x86_64-linux-gnu/libXdmcp.so.6.0.0
7c9a3248f000-7c9a32491000 r-xp 00002000 fc:01 242760206                  /usr/lib/x86_64-linux-gnu/libXdmcp.so.6.0.0
7c9a32491000-7c9a32493000 r--p 00004000 fc:01 242760206                  /usr/lib/x86_64-linux-gnu/libXdmcp.so.6.0.0
7c9a32493000-7c9a32494000 r--p 00005000 fc:01 242760206                  /usr/lib/x86_64-linux-gnu/libXdmcp.so.6.0.0
7c9a32494000-7c9a32495000 rw-p 00006000 fc:01 242760206                  /usr/lib/x86_64-linux-gnu/libXdmcp.so.6.0.0
7c9a32495000-7c9a32496000 r--p 00000000 fc:01 242753132                  /usr/lib/x86_64-linux-gnu/libXau.so.6.0.0
7c9a32496000-7c9a32498000 r-xp 00001000 fc:01 242753132                  /usr/lib/x86_64-linux-gnu/libXau.so.6.0.0
7c9a32498000-7c9a32499000 r--p 00003000 fc:01 242753132                  /usr/lib/x86_64-linux-gnu/libXau.so.6.0.0
7c9a32499000-7c9a3249a000 r--p 00003000 fc:01 242753132                  /usr/lib/x86_64-linux-gnu/libXau.so.6.0.0
7c9a3249a000-7c9a3249b000 rw-p 00004000 fc:01 242753132                  /usr/lib/x86_64-linux-gnu/libXau.so.6.0.0
7c9a3249b000-7c9a3249c000 r--p 00000000 fc:01 242752622                  /usr/lib/x86_64-linux-gnu/libbrotlidec.so.1.2.0
7c9a3249c000-7c9a324a5000 r-xp 00001000 fc:01 242752622                  /usr/lib/x86_64-linux-gnu/libbrotlidec.so.1.2.0
7c9a324a5000-7c9a324a8000 r--p 0000a000 fc:01 242752622                  /usr/lib/x86_64-linux-gnu/libbrotlidec.so.1.2.0
7c9a324a8000-7c9a324a9000 r--p 0000c000 fc:01 242752622                  /usr/lib/x86_64-linux-gnu/libbrotlidec.so.1.2.0
7c9a324a9000-7c9a324aa000 rw-p 0000d000 fc:01 242752622                  /usr/lib/x86_64-linux-gnu/libbrotlidec.so.1.2.0
7c9a324aa000-7c9a324ac000 r--p 00000000 fc:01 242754118                  /usr/lib/x86_64-linux-gnu/libbz2.so.1.0.4
7c9a324ac000-7c9a324bb000 r-xp 00002000 fc:01 242754118                  /usr/lib/x86_64-linux-gnu/libbz2.so.1.0.4
7c9a324bb000-7c9a324bd000 r--p 00011000 fc:01 242754118                  /usr/lib/x86_64-linux-gnu/libbz2.so.1.0.4
7c9a324bd000-7c9a324be000 r--p 00012000 fc:01 242754118                  /usr/lib/x86_64-linux-gnu/libbz2.so.1.0.4
7c9a324be000-7c9a324bf000 rw-p 00013000 fc:01 242754118                  /usr/lib/x86_64-linux-gnu/libbz2.so.1.0.4
7c9a324bf000-7c9a324c3000 r--p 00000000 fc:01 242746498                  /usr/lib/x86_64-linux-gnu/libexpat.so.1.11.2
7c9a324c3000-7c9a324e1000 r-xp 00004000 fc:01 242746498                  /usr/lib/x86_64-linux-gnu/libexpat.so.1.11.2
7c9a324e1000-7c9a324e9000 r--p 00022000 fc:01 242746498                  /usr/lib/x86_64-linux-gnu/libexpat.so.1.11.2
7c9a324e9000-7c9a324eb000 r--p 0002a000 fc:01 242746498                  /usr/lib/x86_64-linux-gnu/libexpat.so.1.11.2
7c9a324eb000-7c9a324ec000 rw-p 0002c000 fc:01 242746498                  /usr/lib/x86_64-linux-gnu/libexpat.so.1.11.2
7c9a324ec000-7c9a324ef000 r--p 00000000 fc:01 242746284                  /usr/lib/x86_64-linux-gnu/libpcre2-8.so.0.14.0
7c9a324ef000-7c9a3256b000 r-xp 00003000 fc:01 242746284                  /usr/lib/x86_64-linux-gnu/libpcre2-8.so.0.14.0
7c9a3256b000-7c9a32596000 r--p 0007f000 fc:01 242746284                  /usr/lib/x86_64-linux-gnu/libpcre2-8.so.0.14.0
7c9a32596000-7c9a32597000 r--p 000a9000 fc:01 242746284                  /usr/lib/x86_64-linux-gnu/libpcre2-8.so.0.14.0
7c9a32597000-7c9a32598000 rw-p 000aa000 fc:01 242746284                  /usr/lib/x86_64-linux-gnu/libpcre2-8.so.0.14.0
7c9a32598000-7c9a3259a000 r--p 00000000 fc:01 242758408                  /usr/lib/x86_64-linux-gnu/libatomic.so.1.2.0
7c9a3259a000-7c9a3259e000 r-xp 00002000 fc:01 242758408                  /usr/lib/x86_64-linux-gnu/libatomic.so.1.2.0
7c9a3259e000-7c9a325a0000 r--p 00006000 fc:01 242758408                  /usr/lib/x86_64-linux-gnu/libatomic.so.1.2.0
7c9a325a0000-7c9a325a1000 r--p 00007000 fc:01 242758408                  /usr/lib/x86_64-linux-gnu/libatomic.so.1.2.0
7c9a325a1000-7c9a325a2000 rw-p 00008000 fc:01 242758408                  /usr/lib/x86_64-linux-gnu/libatomic.so.1.2.0
7c9a325a2000-7c9a325a3000 rw-p 00000000 00:00 0 
7c9a325a3000-7c9a325a5000 r--p 00000000 fc:01 242755118                  /usr/lib/x86_64-linux-gnu/libXrandr.so.2.2.0
7c9a325a5000-7c9a325ac000 r-xp 00002000 fc:01 242755118                  /usr/lib/x86_64-linux-gnu/libXrandr.so.2.2.0
7c9a325ac000-7c9a325ae000 r--p 00009000 fc:01 242755118                  /usr/lib/x86_64-linux-gnu/libXrandr.so.2.2.0
7c9a325ae000-7c9a325af000 r--p 0000a000 fc:01 242755118                  /usr/lib/x86_64-linux-gnu/libXrandr.so.2.2.0
7c9a325af000-7c9a325b0000 rw-p 0000b000 fc:01 242755118                  /usr/lib/x86_64-linux-gnu/libXrandr.so.2.2.0
7c9a325b0000-7c9a325bc000 r--p 00000000 fc:01 242755751                  /usr/lib/x86_64-linux-gnu/libatk-bridge-2.0.so.0.0.0
7c9a325bc000-7c9a325d7000 r-xp 0000c000 fc:01 242755751                  /usr/lib/x86_64-linux-gnu/libatk-bridge-2.0.so.0.0.0
7c9a325d7000-7c9a325eb000 r--p 00027000 fc:01 242755751                  /usr/lib/x86_64-linux-gnu/libatk-bridge-2.0.so.0.0.0
7c9a325eb000-7c9a325ec000 r--p 0003b000 fc:01 242755751                  /usr/lib/x86_64-linux-gnu/libatk-bridge-2.0.so.0.0.0
7c9a325ec000-7c9a325ee000 rw-p 0003c000 fc:01 242755751                  /usr/lib/x86_64-linux-gnu/libatk-bridge-2.0.so.0.0.0
7c9a325ee000-7c9a325f1000 r--p 00000000 fc:01 242754704                  /usr/lib/x86_64-linux-gnu/libXi.so.6.1.0
7c9a325f1000-7c9a325fe000 r-xp 00003000 fc:01 242754704                  /usr/lib/x86_64-linux-gnu/libXi.so.6.1.0
7c9a325fe000-7c9a32600000 r--p 00010000 fc:01 242754704                  /usr/lib/x86_64-linux-gnu/libXi.so.6.1.0
7c9a32600000-7c9a32601000 r--p 00012000 fc:01 242754704                  /usr/lib/x86_64-linux-gnu/libXi.so.6.1.0
7c9a32601000-7c9a32602000 rw-p 00013000 fc:01 242754704                  /usr/lib/x86_64-linux-gnu/libXi.so.6.1.0
7c9a32602000-7c9a32662000 r--p 00000000 fc:01 242763251                  /usr/lib/x86_64-linux-gnu/libepoxy.so.0.0.0
7c9a32662000-7c9a326cf000 r-xp 00060000 fc:01 242763251                  /usr/lib/x86_64-linux-gnu/libepoxy.so.0.0.0
7c9a326cf000-7c9a32714000 r--p 000cd000 fc:01 242763251                  /usr/lib/x86_64-linux-gnu/libepoxy.so.0.0.0
7c9a32714000-7c9a3271c000 r--p 00112000 fc:01 242763251                  /usr/lib/x86_64-linux-gnu/libepoxy.so.0.0.0
7c9a3271c000-7c9a32723000 rw-p 0011a000 fc:01 242763251                  /usr/lib/x86_64-linux-gnu/libepoxy.so.0.0.0
7c9a32723000-7c9a3272e000 r--p 00000000 fc:01 242746721                  /usr/lib/x86_64-linux-gnu/libatk-1.0.so.0.26013.1
7c9a3272e000-7c9a3273e000 r-xp 0000b000 fc:01 242746721                  /usr/lib/x86_64-linux-gnu/libatk-1.0.so.0.26013.1
7c9a3273e000-7c9a32749000 r--p 0001b000 fc:01 242746721                  /usr/lib/x86_64-linux-gnu/libatk-1.0.so.0.26013.1
7c9a32749000-7c9a3274c000 r--p 00026000 fc:01 242746721                  /usr/lib/x86_64-linux-gnu/libatk-1.0.so.0.26013.1
7c9a3274c000-7c9a3274d000 rw-p 00029000 fc:01 242746721                  /usr/lib/x86_64-linux-gnu/libatk-1.0.so.0.26013.1
7c9a3274d000-7c9a32759000 r--p 00000000 fc:01 242762699                  /usr/lib/x86_64-linux-gnu/libharfbuzz.so.0.61232.0
7c9a32759000-7c9a32845000 r-xp 0000c000 fc:01 242762699                  /usr/lib/x86_64-linux-gnu/libharfbuzz.so.0.61232.0
7c9a32845000-7c9a32876000 r--p 000f8000 fc:01 242762699                  /usr/lib/x86_64-linux-gnu/libharfbuzz.so.0.61232.0
7c9a32876000-7c9a32877000 r--p 00128000 fc:01 242762699                  /usr/lib/x86_64-linux-gnu/libharfbuzz.so.0.61232.0
7c9a32877000-7c9a32878000 rw-p 00129000 fc:01 242762699                  /usr/lib/x86_64-linux-gnu/libharfbuzz.so.0.61232.0
7c9a32878000-7c9a3288b000 r--p 00000000 fc:01 242763266                  /usr/lib/x86_64-linux-gnu/libpango-1.0.so.0.5700.0
7c9a3288b000-7c9a328ca000 r-xp 00013000 fc:01 242763266                  /usr/lib/x86_64-linux-gnu/libpango-1.0.so.0.5700.0
7c9a328ca000-7c9a328e4000 r--p 00052000 fc:01 242763266                  /usr/lib/x86_64-linux-gnu/libpango-1.0.so.0.5700.0
7c9a328e4000-7c9a328e8000 r--p 0006b000 fc:01 242763266                  /usr/lib/x86_64-linux-gnu/libpango-1.0.so.0.5700.0
7c9a328e8000-7c9a328e9000 rw-p 0006f000 fc:01 242763266                  /usr/lib/x86_64-linux-gnu/libpango-1.0.so.0.5700.0
7c9a328e9000-7c9a32926000 r--p 00000000 fc:01 242748588                  /usr/lib/x86_64-linux-gnu/libgio-2.0.so.0.8800.0
7c9a32926000-7c9a32a44000 r-xp 0003d000 fc:01 242748588                  /usr/lib/x86_64-linux-gnu/libgio-2.0.so.0.8800.0
7c9a32a44000-7c9a32aba000 r--p 0015b000 fc:01 242748588                  /usr/lib/x86_64-linux-gnu/libgio-2.0.so.0.8800.0
7c9a32aba000-7c9a32ac3000 r--p 001d0000 fc:01 242748588                  /usr/lib/x86_64-linux-gnu/libgio-2.0.so.0.8800.0
7c9a32ac3000-7c9a32ac4000 rw-p 001d9000 fc:01 242748588                  /usr/lib/x86_64-linux-gnu/libgio-2.0.so.0.8800.0
7c9a32ac4000-7c9a32ac6000 rw-p 00000000 00:00 0 
7c9a32ac6000-7c9a32adf000 r--p 00000000 fc:01 242747743                  /usr/lib/x86_64-linux-gnu/libsystemd.so.0.42.0
7c9a32adf000-7c9a32b96000 r-xp 00019000 fc:01 242747743                  /usr/lib/x86_64-linux-gnu/libsystemd.so.0.42.0
7c9a32b96000-7c9a32bd0000 r--p 000d0000 fc:01 242747743                  /usr/lib/x86_64-linux-gnu/libsystemd.so.0.42.0
7c9a32bd0000-7c9a32bd8000 r--p 0010a000 fc:01 242747743                  /usr/lib/x86_64-linux-gnu/libsystemd.so.0.42.0
7c9a32bd8000-7c9a32bd9000 rw-p 00112000 fc:01 242747743                  /usr/lib/x86_64-linux-gnu/libsystemd.so.0.42.0
7c9a32bd9000-7c9a32bda000 rw-p 00000000 00:00 0 
7c9a32bda000-7c9a32be6000 r--p 00000000 fc:01 242760547                  /usr/lib/x86_64-linux-gnu/libpixman-1.so.0.46.4
7c9a32be6000-7c9a32c78000 r-xp 0000c000 fc:01 242760547                  /usr/lib/x86_64-linux-gnu/libpixman-1.so.0.46.4
7c9a32c78000-7c9a32c88000 r--p 0009e000 fc:01 242760547                  /usr/lib/x86_64-linux-gnu/libpixman-1.so.0.46.4
7c9a32c88000-7c9a32c90000 r--p 000ae000 fc:01 242760547                  /usr/lib/x86_64-linux-gnu/libpixman-1.so.0.46.4
7c9a32c90000-7c9a32c91000 rw-p 000b6000 fc:01 242760547                  /usr/lib/x86_64-linux-gnu/libpixman-1.so.0.46.4
7c9a32c91000-7c9a32caa000 r--p 00000000 fc:01 242761875                  /usr/lib/x86_64-linux-gnu/libX11.so.6.4.0
7c9a32caa000-7c9a32d3f000 r-xp 00019000 fc:01 242761875                  /usr/lib/x86_64-linux-gnu/libX11.so.6.4.0
7c9a32d3f000-7c9a32dce000 r--p 000ae000 fc:01 242761875                  /usr/lib/x86_64-linux-gnu/libX11.so.6.4.0
7c9a32dce000-7c9a32dcf000 r--p 0013d000 fc:01 242761875                  /usr/lib/x86_64-linux-gnu/libX11.so.6.4.0
7c9a32dcf000-7c9a32dd3000 rw-p 0013e000 fc:01 242761875                  /usr/lib/x86_64-linux-gnu/libX11.so.6.4.0
7c9a32dd3000-7c9a32de0000 r--p 00000000 fc:01 242753121                  /usr/lib/x86_64-linux-gnu/libfreetype.so.6.20.5
7c9a32de0000-7c9a32e77000 r-xp 0000d000 fc:01 242753121                  /usr/lib/x86_64-linux-gnu/libfreetype.so.6.20.5
7c9a32e77000-7c9a32e9f000 r--p 000a4000 fc:01 242753121                  /usr/lib/x86_64-linux-gnu/libfreetype.so.6.20.5
7c9a32e9f000-7c9a32ea7000 r--p 000cc000 fc:01 242753121                  /usr/lib/x86_64-linux-gnu/libfreetype.so.6.20.5
7c9a32ea7000-7c9a32ea8000 rw-p 000d4000 fc:01 242753121                  /usr/lib/x86_64-linux-gnu/libfreetype.so.6.20.5
7c9a32ea8000-7c9a32ec7000 r--p 00000000 fc:01 242748636                  /usr/lib/x86_64-linux-gnu/libglib-2.0.so.0.8800.0
7c9a32ec7000-7c9a32f6d000 r-xp 0001f000 fc:01 242748636                  /usr/lib/x86_64-linux-gnu/libglib-2.0.so.0.8800.0
7c9a32f6d000-7c9a32ffd000 r--p 000c5000 fc:01 242748636                  /usr/lib/x86_64-linux-gnu/libglib-2.0.so.0.8800.0
7c9a32ffd000-7c9a32ffe000 r--p 00155000 fc:01 242748636                  /usr/lib/x86_64-linux-gnu/libglib-2.0.so.0.8800.0
7c9a32ffe000-7c9a32fff000 rw-p 00156000 fc:01 242748636                  /usr/lib/x86_64-linux-gnu/libglib-2.0.so.0.8800.0
7c9a32fff000-7c9a33400000 rw-p 00000000 00:00 0 
7c9a33400000-7c9a33900000 rw-p 00000000 00:00 0 
7c9a33900000-7c9a33b00000 rw-p 00000000 00:00 0 
7c9a33b00000-7c9a33b80000 rw-p 00000000 00:00 0 
7c9a33b80000-7c9a33c40000 rw-p 00000000 00:00 0 
7c9a33c40000-7c9a33d00000 ---p 00000000 00:00 0 
7c9a33d00000-7c9a33df0000 rw-p 00000000 00:00 0 
7c9a33df0000-7c9a37000000 ---p 00000000 00:00 0 
7c9a37000000-7c9a37bc7000 rw-p 00001000 fc:01 42337055                   /usr/lib/jvm/java-17-openjdk-amd64/lib/server/classes.jsa
7c9a37bc7000-7c9a38000000 ---p 00000000 00:00 0 
7c9a38000000-7c9a38040000 rw-p 00000000 00:00 0 
7c9a38040000-7c9a38080000 rw-p 00000000 00:00 0 
7c9a38080000-7c9a38140000 rw-p 00000000 00:00 0 
7c9a38140000-7c9a38150000 rw-p 00000000 00:00 0 
7c9a38150000-7c9a38160000 ---p 00000000 00:00 0 
7c9a38160000-7c9a38180000 rw-p 00000000 00:00 0 
7c9a38180000-7c9a78000000 ---p 00000000 00:00 0 
7c9a78000000-7c9a78021000 rw-p 00000000 00:00 0 
7c9a78021000-7c9a7c000000 ---p 00000000 00:00 0 
7c9a7c000000-7c9a7c021000 rw-p 00000000 00:00 0 
7c9a7c021000-7c9a80000000 ---p 00000000 00:00 0 
7c9a80000000-7c9a80021000 rw-p 00000000 00:00 0 
7c9a80021000-7c9a84000000 ---p 00000000 00:00 0 
7c9a84000000-7c9a84001000 r--p 00000000 fc:01 242749364                  /usr/lib/x86_64-linux-gnu/libxcb-present.so.0.0.0
7c9a84001000-7c9a84002000 r-xp 00001000 fc:01 242749364                  /usr/lib/x86_64-linux-gnu/libxcb-present.so.0.0.0
7c9a84002000-7c9a84003000 r--p 00002000 fc:01 242749364                  /usr/lib/x86_64-linux-gnu/libxcb-present.so.0.0.0
7c9a84003000-7c9a84004000 r--p 00002000 fc:01 242749364                  /usr/lib/x86_64-linux-gnu/libxcb-present.so.0.0.0
7c9a84004000-7c9a84005000 rw-p 00003000 fc:01 242749364                  /usr/lib/x86_64-linux-gnu/libxcb-present.so.0.0.0
7c9a84005000-7c9a84008000 r--p 00000000 fc:01 242752711                  /usr/lib/x86_64-linux-gnu/libXcursor.so.1.0.2
7c9a84008000-7c9a8400e000 r-xp 00003000 fc:01 242752711                  /usr/lib/x86_64-linux-gnu/libXcursor.so.1.0.2
7c9a8400e000-7c9a84010000 r--p 00009000 fc:01 242752711                  /usr/lib/x86_64-linux-gnu/libXcursor.so.1.0.2
7c9a84010000-7c9a84011000 r--p 0000a000 fc:01 242752711                  /usr/lib/x86_64-linux-gnu/libXcursor.so.1.0.2
7c9a84011000-7c9a84012000 rw-p 0000b000 fc:01 242752711                  /usr/lib/x86_64-linux-gnu/libXcursor.so.1.0.2
7c9a84012000-7c9a8401b000 r--p 00000000 fc:01 242749379                  /usr/lib/x86_64-linux-gnu/libgdk_pixbuf-2.0.so.0.4400.5
7c9a8401b000-7c9a84039000 r-xp 00009000 fc:01 242749379                  /usr/lib/x86_64-linux-gnu/libgdk_pixbuf-2.0.so.0.4400.5
7c9a84039000-7c9a84045000 r--p 00027000 fc:01 242749379                  /usr/lib/x86_64-linux-gnu/libgdk_pixbuf-2.0.so.0.4400.5
7c9a84045000-7c9a84047000 r--p 00032000 fc:01 242749379                  /usr/lib/x86_64-linux-gnu/libgdk_pixbuf-2.0.so.0.4400.5
7c9a84047000-7c9a84048000 rw-p 00034000 fc:01 242749379                  /usr/lib/x86_64-linux-gnu/libgdk_pixbuf-2.0.so.0.4400.5
7c9a84048000-7c9a8404a000 r--p 00000000 fc:01 242748241                  /usr/lib/x86_64-linux-gnu/libfribidi.so.0.4.0
7c9a8404a000-7c9a8404e000 r-xp 00002000 fc:01 242748241                  /usr/lib/x86_64-linux-gnu/libfribidi.so.0.4.0
7c9a8404e000-7c9a84065000 r--p 00006000 fc:01 242748241                  /usr/lib/x86_64-linux-gnu/libfribidi.so.0.4.0
7c9a84065000-7c9a84066000 r--p 0001c000 fc:01 242748241                  /usr/lib/x86_64-linux-gnu/libfribidi.so.0.4.0
7c9a84066000-7c9a84067000 rw-p 0001d000 fc:01 242748241                  /usr/lib/x86_64-linux-gnu/libfribidi.so.0.4.0
7c9a84067000-7c9a8406f000 r--p 00000000 fc:01 242763154                  /usr/lib/x86_64-linux-gnu/libfontconfig.so.1.16.1
7c9a8406f000-7c9a840a0000 r-xp 00008000 fc:01 242763154                  /usr/lib/x86_64-linux-gnu/libfontconfig.so.1.16.1
7c9a840a0000-7c9a840b7000 r--p 00039000 fc:01 242763154                  /usr/lib/x86_64-linux-gnu/libfontconfig.so.1.16.1
7c9a840b7000-7c9a840b9000 r--p 00050000 fc:01 242763154                  /usr/lib/x86_64-linux-gnu/libfontconfig.so.1.16.1
7c9a840b9000-7c9a840ba000 rw-p 00052000 fc:01 242763154                  /usr/lib/x86_64-linux-gnu/libfontconfig.so.1.16.1
7c9a840ba000-7c9a840bf000 r--p 00000000 fc:01 242746179                  /usr/lib/x86_64-linux-gnu/libpng16.so.16.57.0
7c9a840bf000-7c9a840e9000 r-xp 00005000 fc:01 242746179                  /usr/lib/x86_64-linux-gnu/libpng16.so.16.57.0
7c9a840e9000-7c9a840f2000 r--p 0002f000 fc:01 242746179                  /usr/lib/x86_64-linux-gnu/libpng16.so.16.57.0
7c9a840f2000-7c9a840f3000 r--p 00037000 fc:01 242746179                  /usr/lib/x86_64-linux-gnu/libpng16.so.16.57.0
7c9a840f3000-7c9a840f4000 rw-p 00038000 fc:01 242746179                  /usr/lib/x86_64-linux-gnu/libpng16.so.16.57.0
7c9a840f4000-7c9a84122000 r--p 00000000 fc:01 242758875                  /usr/lib/x86_64-linux-gnu/libgdk-3.so.0.2420.32
7c9a84122000-7c9a841af000 r-xp 0002e000 fc:01 242758875                  /usr/lib/x86_64-linux-gnu/libgdk-3.so.0.2420.32
7c9a841af000-7c9a841f4000 r--p 000bb000 fc:01 242758875                  /usr/lib/x86_64-linux-gnu/libgdk-3.so.0.2420.32
7c9a841f4000-7c9a841fe000 r--p 000ff000 fc:01 242758875                  /usr/lib/x86_64-linux-gnu/libgdk-3.so.0.2420.32
7c9a841fe000-7c9a84200000 rw-p 00109000 fc:01 242758875                  /usr/lib/x86_64-linux-gnu/libgdk-3.so.0.2420.32
7c9a84200000-7c9a8428b000 r--p 00000000 fc:01 242758898                  /usr/lib/x86_64-linux-gnu/libgtk-3.so.0.2420.32
7c9a8428b000-7c9a8463f000 r-xp 0008b000 fc:01 242758898                  /usr/lib/x86_64-linux-gnu/libgtk-3.so.0.2420.32
7c9a8463f000-7c9a84901000 r--p 0043f000 fc:01 242758898                  /usr/lib/x86_64-linux-gnu/libgtk-3.so.0.2420.32
7c9a84901000-7c9a84913000 r--p 00701000 fc:01 242758898                  /usr/lib/x86_64-linux-gnu/libgtk-3.so.0.2420.32
7c9a84913000-7c9a84915000 rw-p 00713000 fc:01 242758898                  /usr/lib/x86_64-linux-gnu/libgtk-3.so.0.2420.32
7c9a84915000-7c9a8491a000 rw-p 00000000 00:00 0 
7c9a8491a000-7c9a8491b000 r--p 00000000 fc:01 242754957                  /usr/lib/x86_64-linux-gnu/libXinerama.so.1.0.0
7c9a8491b000-7c9a8491c000 r-xp 00001000 fc:01 242754957                  /usr/lib/x86_64-linux-gnu/libXinerama.so.1.0.0
7c9a8491c000-7c9a8491d000 r--p 00002000 fc:01 242754957                  /usr/lib/x86_64-linux-gnu/libXinerama.so.1.0.0
7c9a8491d000-7c9a8491e000 r--p 00002000 fc:01 242754957                  /usr/lib/x86_64-linux-gnu/libXinerama.so.1.0.0
7c9a8491e000-7c9a8491f000 rw-p 00003000 fc:01 242754957                  /usr/lib/x86_64-linux-gnu/libXinerama.so.1.0.0
7c9a8491f000-7c9a84920000 r--p 00000000 fc:01 242749362                  /usr/lib/x86_64-linux-gnu/libXcomposite.so.1.0.0
7c9a84920000-7c9a84921000 r-xp 00001000 fc:01 242749362                  /usr/lib/x86_64-linux-gnu/libXcomposite.so.1.0.0
7c9a84921000-7c9a84922000 r--p 00002000 fc:01 242749362                  /usr/lib/x86_64-linux-gnu/libXcomposite.so.1.0.0
7c9a84922000-7c9a84923000 r--p 00002000 fc:01 242749362                  /usr/lib/x86_64-linux-gnu/libXcomposite.so.1.0.0
7c9a84923000-7c9a84924000 rw-p 00003000 fc:01 242749362                  /usr/lib/x86_64-linux-gnu/libXcomposite.so.1.0.0
7c9a84924000-7c9a84926000 r--p 00000000 fc:01 242749369                  /usr/lib/x86_64-linux-gnu/libXfixes.so.3.1.0
7c9a84926000-7c9a84929000 r-xp 00002000 fc:01 242749369                  /usr/lib/x86_64-linux-gnu/libXfixes.so.3.1.0
7c9a84929000-7c9a8492a000 r--p 00005000 fc:01 242749369                  /usr/lib/x86_64-linux-gnu/libXfixes.so.3.1.0
7c9a8492a000-7c9a8492b000 r--p 00005000 fc:01 242749369                  /usr/lib/x86_64-linux-gnu/libXfixes.so.3.1.0
7c9a8492b000-7c9a8492c000 rw-p 00006000 fc:01 242749369                  /usr/lib/x86_64-linux-gnu/libXfixes.so.3.1.0
7c9a8492c000-7c9a84934000 r--p 00000000 fc:01 242758447                  /usr/lib/x86_64-linux-gnu/libpangoft2-1.0.so.0.5700.0
7c9a84934000-7c9a84945000 r-xp 00008000 fc:01 242758447                  /usr/lib/x86_64-linux-gnu/libpangoft2-1.0.so.0.5700.0
7c9a84945000-7c9a8494a000 r--p 00019000 fc:01 242758447                  /usr/lib/x86_64-linux-gnu/libpangoft2-1.0.so.0.5700.0
7c9a8494a000-7c9a8494b000 r--p 0001e000 fc:01 242758447                  /usr/lib/x86_64-linux-gnu/libpangoft2-1.0.so.0.5700.0
7c9a8494b000-7c9a8494c000 rw-p 0001f000 fc:01 242758447                  /usr/lib/x86_64-linux-gnu/libpangoft2-1.0.so.0.5700.0
7c9a8494c000-7c9a8495c000 r--p 00000000 fc:01 242748649                  /usr/lib/x86_64-linux-gnu/libgobject-2.0.so.0.8800.0
7c9a8495c000-7c9a84993000 r-xp 00010000 fc:01 242748649                  /usr/lib/x86_64-linux-gnu/libgobject-2.0.so.0.8800.0
7c9a84993000-7c9a849ac000 r--p 00047000 fc:01 242748649                  /usr/lib/x86_64-linux-gnu/libgobject-2.0.so.0.8800.0
7c9a849ac000-7c9a849af000 r--p 0005f000 fc:01 242748649                  /usr/lib/x86_64-linux-gnu/libgobject-2.0.so.0.8800.0
7c9a849af000-7c9a849b0000 rw-p 00062000 fc:01 242748649                  /usr/lib/x86_64-linux-gnu/libgobject-2.0.so.0.8800.0
7c9a849b0000-7c9a849bc000 r--p 00000000 fc:01 242754695                  /usr/lib/x86_64-linux-gnu/libdbus-1.so.3.38.3
7c9a849bc000-7c9a849ed000 r-xp 0000c000 fc:01 242754695                  /usr/lib/x86_64-linux-gnu/libdbus-1.so.3.38.3
7c9a849ed000-7c9a849fe000 r--p 0003d000 fc:01 242754695                  /usr/lib/x86_64-linux-gnu/libdbus-1.so.3.38.3
7c9a849fe000-7c9a849ff000 r--p 0004d000 fc:01 242754695                  /usr/lib/x86_64-linux-gnu/libdbus-1.so.3.38.3
7c9a849ff000-7c9a84a00000 rw-p 0004e000 fc:01 242754695                  /usr/lib/x86_64-linux-gnu/libdbus-1.so.3.38.3
7c9a84a00000-7c9a85200000 rw-p 00000000 00:00 0 
7c9a85200000-7c9a85201000 r-xp 00000000 00:00 0 
7c9a85201000-7c9a85202000 r--p 00000000 00:00 0 
7c9a85202000-7c9a85203000 r--p 00000000 fc:01 242763178                  /usr/lib/x86_64-linux-gnu/libXdamage.so.1.1.0
7c9a85203000-7c9a85204000 r-xp 00001000 fc:01 242763178                  /usr/lib/x86_64-linux-gnu/libXdamage.so.1.1.0
7c9a85204000-7c9a85205000 r--p 00002000 fc:01 242763178                  /usr/lib/x86_64-linux-gnu/libXdamage.so.1.1.0
7c9a85205000-7c9a85206000 r--p 00002000 fc:01 242763178                  /usr/lib/x86_64-linux-gnu/libXdamage.so.1.1.0
7c9a85206000-7c9a85207000 rw-p 00003000 fc:01 242763178                  /usr/lib/x86_64-linux-gnu/libXdamage.so.1.1.0
7c9a85207000-7c9a85213000 r--p 00000000 fc:01 242761738                  /usr/lib/x86_64-linux-gnu/libxcb.so.1.1.0
7c9a85213000-7c9a85227000 r-xp 0000c000 fc:01 242761738                  /usr/lib/x86_64-linux-gnu/libxcb.so.1.1.0
7c9a85227000-7c9a85230000 r--p 00020000 fc:01 242761738                  /usr/lib/x86_64-linux-gnu/libxcb.so.1.1.0
7c9a85230000-7c9a85231000 r--p 00028000 fc:01 242761738                  /usr/lib/x86_64-linux-gnu/libxcb.so.1.1.0
7c9a85231000-7c9a85232000 rw-p 00029000 fc:01 242761738                  /usr/lib/x86_64-linux-gnu/libxcb.so.1.1.0
7c9a85232000-7c9a85246000 r--p 00000000 fc:01 242758860                  /usr/lib/x86_64-linux-gnu/libcairo.so.2.11804.4
7c9a85246000-7c9a8533d000 r-xp 00014000 fc:01 242758860                  /usr/lib/x86_64-linux-gnu/libcairo.so.2.11804.4
7c9a8533d000-7c9a8537a000 r--p 0010b000 fc:01 242758860                  /usr/lib/x86_64-linux-gnu/libcairo.so.2.11804.4
7c9a8537a000-7c9a8537e000 r--p 00148000 fc:01 242758860                  /usr/lib/x86_64-linux-gnu/libcairo.so.2.11804.4
7c9a8537e000-7c9a85380000 rw-p 0014c000 fc:01 242758860                  /usr/lib/x86_64-linux-gnu/libcairo.so.2.11804.4
7c9a85380000-7c9a85381000 rw-p 00000000 00:00 0 
7c9a85381000-7c9a85389000 r--p 00000000 00:34 148791                     /tmp/lwjgl_jw/3.3.3-snapshot/x64/libjemalloc.so
7c9a85389000-7c9a853de000 r-xp 00008000 00:34 148791                     /tmp/lwjgl_jw/3.3.3-snapshot/x64/libjemalloc.so
7c9a853de000-7c9a853ee000 r--p 0005d000 00:34 148791                     /tmp/lwjgl_jw/3.3.3-snapshot/x64/libjemalloc.so
7c9a853ee000-7c9a853ef000 ---p 0006d000 00:34 148791                     /tmp/lwjgl_jw/3.3.3-snapshot/x64/libjemalloc.so
7c9a853ef000-7c9a853f5000 r--p 0006d000 00:34 148791                     /tmp/lwjgl_jw/3.3.3-snapshot/x64/libjemalloc.so
7c9a853f5000-7c9a853f6000 rw-p 00073000 00:34 148791                     /tmp/lwjgl_jw/3.3.3-snapshot/x64/libjemalloc.so
7c9a853f6000-7c9a85600000 rw-p 00000000 00:00 0 
7c9a85600000-7c9a85620000 r-xp 00000000 00:34 31548                      /tmp/libgdxjw/da3a4817/libgdx64.so
7c9a85620000-7c9a85820000 ---p 00020000 00:34 31548                      /tmp/libgdxjw/da3a4817/libgdx64.so
7c9a85820000-7c9a85821000 r--p 00020000 00:34 31548                      /tmp/libgdxjw/da3a4817/libgdx64.so
7c9a85821000-7c9a85822000 rw-p 00021000 00:34 31548                      /tmp/libgdxjw/da3a4817/libgdx64.so
7c9a85822000-7c9a85823000 r-xp 00000000 00:00 0 
7c9a85823000-7c9a85824000 r--p 00000000 00:00 0 
7c9a85824000-7c9a85825000 r-xp 00000000 00:00 0 
7c9a85825000-7c9a85826000 r--p 00000000 00:00 0 
7c9a85826000-7c9a8582a000 r--p 00000000 fc:01 242759006                  /usr/lib/x86_64-linux-gnu/libcairo-gobject.so.2.11804.4
7c9a8582a000-7c9a8582c000 r-xp 00004000 fc:01 242759006                  /usr/lib/x86_64-linux-gnu/libcairo-gobject.so.2.11804.4
7c9a8582c000-7c9a8582f000 r--p 00006000 fc:01 242759006                  /usr/lib/x86_64-linux-gnu/libcairo-gobject.so.2.11804.4
7c9a8582f000-7c9a85831000 r--p 00008000 fc:01 242759006                  /usr/lib/x86_64-linux-gnu/libcairo-gobject.so.2.11804.4
7c9a85831000-7c9a85832000 rw-p 0000a000 fc:01 242759006                  /usr/lib/x86_64-linux-gnu/libcairo-gobject.so.2.11804.4
7c9a85832000-7c9a85837000 r--p 00000000 fc:01 242746069                  /usr/lib/x86_64-linux-gnu/libpangocairo-1.0.so.0.5700.0
7c9a85837000-7c9a8583f000 r-xp 00005000 fc:01 242746069                  /usr/lib/x86_64-linux-gnu/libpangocairo-1.0.so.0.5700.0
7c9a8583f000-7c9a85841000 r--p 0000d000 fc:01 242746069                  /usr/lib/x86_64-linux-gnu/libpangocairo-1.0.so.0.5700.0
7c9a85841000-7c9a85842000 r--p 0000f000 fc:01 242746069                  /usr/lib/x86_64-linux-gnu/libpangocairo-1.0.so.0.5700.0
7c9a85842000-7c9a85843000 rw-p 00010000 fc:01 242746069                  /usr/lib/x86_64-linux-gnu/libpangocairo-1.0.so.0.5700.0
7c9a85843000-7c9a85844000 r-xp 00000000 00:00 0 
7c9a85844000-7c9a85845000 r--p 00000000 00:00 0 
7c9a85845000-7c9a85846000 r-xp 00000000 00:00 0 
7c9a85846000-7c9a8584b000 r--p 00000000 fc:01 242754302                  /usr/lib/x86_64-linux-gnu/spa-0.2/support/libspa-support.so
7c9a8584b000-7c9a85866000 r-xp 00005000 fc:01 242754302                  /usr/lib/x86_64-linux-gnu/spa-0.2/support/libspa-support.so
7c9a85866000-7c9a8586c000 r--p 00020000 fc:01 242754302                  /usr/lib/x86_64-linux-gnu/spa-0.2/support/libspa-support.so
7c9a8586c000-7c9a85874000 r--p 00025000 fc:01 242754302                  /usr/lib/x86_64-linux-gnu/spa-0.2/support/libspa-support.so
7c9a85874000-7c9a85875000 rw-p 0002d000 fc:01 242754302                  /usr/lib/x86_64-linux-gnu/spa-0.2/support/libspa-support.so
7c9a85875000-7c9a85883000 r--p 00000000 00:34 148792                     /tmp/lwjgl_jw/3.3.3-snapshot/x64/libglfw.so
7c9a85883000-7c9a858a2000 r-xp 0000e000 00:34 148792                     /tmp/lwjgl_jw/3.3.3-snapshot/x64/libglfw.so
7c9a858a2000-7c9a858d5000 r--p 0002d000 00:34 148792                     /tmp/lwjgl_jw/3.3.3-snapshot/x64/libglfw.so
7c9a858d5000-7c9a858d6000 ---p 00060000 00:34 148792                     /tmp/lwjgl_jw/3.3.3-snapshot/x64/libglfw.so
7c9a858d6000-7c9a858d9000 r--p 00060000 00:34 148792                     /tmp/lwjgl_jw/3.3.3-snapshot/x64/libglfw.so
7c9a858d9000-7c9a858dc000 rw-p 00063000 00:34 148792                     /tmp/lwjgl_jw/3.3.3-snapshot/x64/libglfw.so
7c9a858dc000-7c9a858ff000 rw-p 00000000 00:00 0 
7c9a858ff000-7c9a85903000 ---p 00000000 00:00 0 
7c9a85903000-7c9a859ff000 rw-p 00000000 00:00 0 
7c9a859ff000-7c9a85a03000 ---p 00000000 00:00 0 
7c9a85a03000-7c9a85aff000 rw-p 00000000 00:00 0 
7c9a85aff000-7c9a85b03000 ---p 00000000 00:00 0 
7c9a85b03000-7c9a85d00000 rw-p 00000000 00:00 0 
7c9a85d00000-7c9a85d04000 ---p 00000000 00:00 0 
7c9a85d04000-7c9a85e00000 rw-p 00000000 00:00 0 
7c9a85e00000-7c9a85e04000 ---p 00000000 00:00 0 
7c9a85e04000-7c9a85f00000 rw-p 00000000 00:00 0 
7c9a85f00000-7c9a85f04000 ---p 00000000 00:00 0 
7c9a85f04000-7c9a86000000 rw-p 00000000 00:00 0 
7c9a86000000-7c9a88021000 rw-p 00000000 00:00 0 
7c9a88021000-7c9a8c000000 ---p 00000000 00:00 0 
7c9a8c000000-7c9a8c021000 rw-p 00000000 00:00 0 
7c9a8c021000-7c9a90000000 ---p 00000000 00:00 0 
7c9a90000000-7c9a90021000 rw-p 00000000 00:00 0 
7c9a90021000-7c9a94004000 ---p 00000000 00:00 0 
7c9a94004000-7c9a94100000 rw-p 00000000 00:00 0 
7c9a94100000-7c9a94104000 ---p 00000000 00:00 0 
7c9a94104000-7c9a94200000 rw-p 00000000 00:00 0 
7c9a94200000-7c9a94204000 ---p 00000000 00:00 0 
7c9a94204000-7c9a94300000 rw-p 00000000 00:00 0 
7c9a94300000-7c9a94304000 ---p 00000000 00:00 0 
7c9a94304000-7c9a94400000 rw-p 00000000 00:00 0 
7c9a94400000-7c9a94977000 r--p 00000000 fc:01 242745463                  /usr/lib/locale/locale-archive
7c9a94977000-7c9a9497c000 r--p 00000000 fc:01 242761099                  /usr/lib/x86_64-linux-gnu/libxcb-render.so.0.0.0
7c9a9497c000-7c9a94981000 r-xp 00005000 fc:01 242761099                  /usr/lib/x86_64-linux-gnu/libxcb-render.so.0.0.0
7c9a94981000-7c9a94984000 r--p 0000a000 fc:01 242761099                  /usr/lib/x86_64-linux-gnu/libxcb-render.so.0.0.0
7c9a94984000-7c9a94985000 r--p 0000c000 fc:01 242761099                  /usr/lib/x86_64-linux-gnu/libxcb-render.so.0.0.0
7c9a94985000-7c9a94986000 rw-p 0000d000 fc:01 242761099                  /usr/lib/x86_64-linux-gnu/libxcb-render.so.0.0.0
7c9a94986000-7c9a9498a000 r--p 00000000 fc:01 242758099                  /usr/lib/x86_64-linux-gnu/libdecor-0.so.0.200.5
7c9a9498a000-7c9a9498d000 r-xp 00004000 fc:01 242758099                  /usr/lib/x86_64-linux-gnu/libdecor-0.so.0.200.5
7c9a9498d000-7c9a9498f000 r--p 00007000 fc:01 242758099                  /usr/lib/x86_64-linux-gnu/libdecor-0.so.0.200.5
7c9a9498f000-7c9a94990000 r--p 00008000 fc:01 242758099                  /usr/lib/x86_64-linux-gnu/libdecor-0.so.0.200.5
7c9a94990000-7c9a94991000 rw-p 00009000 fc:01 242758099                  /usr/lib/x86_64-linux-gnu/libdecor-0.so.0.200.5
7c9a94991000-7c9a94997000 r--p 00000000 fc:01 242764216                  /usr/lib/x86_64-linux-gnu/libxkbcommon.so.0.13.1
7c9a94997000-7c9a949c5000 r-xp 00006000 fc:01 242764216                  /usr/lib/x86_64-linux-gnu/libxkbcommon.so.0.13.1
7c9a949c5000-7c9a949ed000 r--p 00034000 fc:01 242764216                  /usr/lib/x86_64-linux-gnu/libxkbcommon.so.0.13.1
7c9a949ed000-7c9a949ef000 r--p 0005b000 fc:01 242764216                  /usr/lib/x86_64-linux-gnu/libxkbcommon.so.0.13.1
7c9a949ef000-7c9a949f0000 rw-p 0005d000 fc:01 242764216                  /usr/lib/x86_64-linux-gnu/libxkbcommon.so.0.13.1
7c9a949f0000-7c9a949f2000 r--p 00000000 fc:01 242749861                  /usr/lib/x86_64-linux-gnu/libwayland-cursor.so.0.24.0
7c9a949f2000-7c9a949f4000 r-xp 00002000 fc:01 242749861                  /usr/lib/x86_64-linux-gnu/libwayland-cursor.so.0.24.0
7c9a949f4000-7c9a949f5000 r--p 00004000 fc:01 242749861                  /usr/lib/x86_64-linux-gnu/libwayland-cursor.so.0.24.0
7c9a949f5000-7c9a949f6000 r--p 00004000 fc:01 242749861                  /usr/lib/x86_64-linux-gnu/libwayland-cursor.so.0.24.0
7c9a949f6000-7c9a949fa000 rw-p 00005000 fc:01 242749861                  /usr/lib/x86_64-linux-gnu/libwayland-cursor.so.0.24.0
7c9a949fa000-7c9a94a23000 r--p 00000000 00:34 148790                     /tmp/lwjgl_jw/3.3.3-snapshot/x64/liblwjgl.so
7c9a94a23000-7c9a94a55000 r-xp 00029000 00:34 148790                     /tmp/lwjgl_jw/3.3.3-snapshot/x64/liblwjgl.so
7c9a94a55000-7c9a94a6e000 r--p 0005b000 00:34 148790                     /tmp/lwjgl_jw/3.3.3-snapshot/x64/liblwjgl.so
7c9a94a6e000-7c9a94a6f000 r--p 00073000 00:34 148790                     /tmp/lwjgl_jw/3.3.3-snapshot/x64/liblwjgl.so
7c9a94a6f000-7c9a94a70000 rw-p 00074000 00:34 148790                     /tmp/lwjgl_jw/3.3.3-snapshot/x64/liblwjgl.so
7c9a94a70000-7c9a94a74000 ---p 00000000 00:00 0 
7c9a94a74000-7c9a94b70000 rw-p 00000000 00:00 0 
7c9a94b70000-7c9a94b74000 ---p 00000000 00:00 0 
7c9a94b74000-7c9a94d71000 rw-p 00000000 00:00 0 
7c9a94d71000-7c9a94d76000 r--p 00000000 fc:01 42337037                   /usr/lib/jvm/java-17-openjdk-amd64/lib/libjsvml.so
7c9a94d76000-7c9a94db7000 r-xp 00005000 fc:01 42337037                   /usr/lib/jvm/java-17-openjdk-amd64/lib/libjsvml.so
7c9a94db7000-7c9a94e40000 r--p 00046000 fc:01 42337037                   /usr/lib/jvm/java-17-openjdk-amd64/lib/libjsvml.so
7c9a94e40000-7c9a94e41000 r--p 000ce000 fc:01 42337037                   /usr/lib/jvm/java-17-openjdk-amd64/lib/libjsvml.so
7c9a94e41000-7c9a94e42000 rw-p 000cf000 fc:01 42337037                   /usr/lib/jvm/java-17-openjdk-amd64/lib/libjsvml.so
7c9a94e42000-7c9a94f1e000 rw-p 00000000 00:00 0 
7c9a94f1e000-7c9a95120000 rw-p 00000000 00:00 0 
7c9a95120000-7c9a98030000 rw-p 00000000 00:00 0 
7c9a98030000-7c9ab4030000 ---p 00000000 00:00 0 
7c9ab4030000-7c9ab5fb0000 rw-p 00000000 00:00 0 
7c9ab5fb0000-7c9ad1fb0000 ---p 00000000 00:00 0 
7c9ad1fb0000-7c9ad2410000 rw-p 00000000 00:00 0 
7c9ad2410000-7c9ad5c10000 ---p 00000000 00:00 0 
7c9ad5c10000-7c9ad6000000 rw-p 00000000 00:00 0 
7c9ad6000000-7c9ad9800000 ---p 00000000 00:00 0 
7c9ad9800000-7c9ad9bf0000 rw-p 00000000 00:00 0 
7c9ad9bf0000-7c9add3f0000 ---p 00000000 00:00 0 
7c9add3f0000-7c9add400000 rw-p 00000000 00:00 0 
7c9add400000-7c9add870000 rwxp 00000000 00:00 0 
7c9add870000-7c9ae485f000 ---p 00000000 00:00 0 
7c9ae485f000-7c9ae4bbf000 rwxp 00000000 00:00 0 
7c9ae4bbf000-7c9ae4fa0000 ---p 00000000 00:00 0 
7c9ae4fa0000-7c9ae5210000 rwxp 00000000 00:00 0 
7c9ae5210000-7c9aec400000 ---p 00000000 00:00 0 
7c9aec400000-7c9af3eea000 r--s 00000000 fc:01 42337052                   /usr/lib/jvm/java-17-openjdk-amd64/lib/modules
7c9af3eea000-7c9af3eee000 rw-s 00000000 00:07 1426                       /dev/nvidiactl
7c9af3eee000-7c9af3ef0000 r--p 00000000 fc:01 242765181                  /usr/lib/x86_64-linux-gnu/libffi.so.8.2.0
7c9af3ef0000-7c9af3efb000 r-xp 00002000 fc:01 242765181                  /usr/lib/x86_64-linux-gnu/libffi.so.8.2.0
7c9af3efb000-7c9af3efd000 r--p 0000d000 fc:01 242765181                  /usr/lib/x86_64-linux-gnu/libffi.so.8.2.0
7c9af3efd000-7c9af3efe000 r--p 0000e000 fc:01 242765181                  /usr/lib/x86_64-linux-gnu/libffi.so.8.2.0
7c9af3efe000-7c9af3eff000 rw-p 0000f000 fc:01 242765181                  /usr/lib/x86_64-linux-gnu/libffi.so.8.2.0
7c9af3eff000-7c9af7fb7000 rw-p 00000000 00:00 0 
7c9af7fb7000-7c9af8000000 ---p 00000000 00:00 0 
7c9af8000000-7c9af8001000 r--p 00000000 00:00 0 
7c9af8001000-7c9af8002000 r-xp 00000000 00:00 0 
7c9af8002000-7c9af8004000 r--p 00000000 fc:01 242748637                  /usr/lib/x86_64-linux-gnu/libgmodule-2.0.so.0.8800.0
7c9af8004000-7c9af8006000 r-xp 00002000 fc:01 242748637                  /usr/lib/x86_64-linux-gnu/libgmodule-2.0.so.0.8800.0
7c9af8006000-7c9af8007000 r--p 00004000 fc:01 242748637                  /usr/lib/x86_64-linux-gnu/libgmodule-2.0.so.0.8800.0
7c9af8007000-7c9af8008000 r--p 00004000 fc:01 242748637                  /usr/lib/x86_64-linux-gnu/libgmodule-2.0.so.0.8800.0
7c9af8008000-7c9af8009000 rw-p 00005000 fc:01 242748637                  /usr/lib/x86_64-linux-gnu/libgmodule-2.0.so.0.8800.0
7c9af8009000-7c9af800b000 r--p 00000000 fc:01 242756780                  /usr/lib/x86_64-linux-gnu/libXrender.so.1.3.0
7c9af800b000-7c9af8012000 r-xp 00002000 fc:01 242756780                  /usr/lib/x86_64-linux-gnu/libXrender.so.1.3.0
7c9af8012000-7c9af8013000 r--p 00009000 fc:01 242756780                  /usr/lib/x86_64-linux-gnu/libXrender.so.1.3.0
7c9af8013000-7c9af8014000 r--p 00009000 fc:01 242756780                  /usr/lib/x86_64-linux-gnu/libXrender.so.1.3.0
7c9af8014000-7c9af8015000 rw-p 0000a000 fc:01 242756780                  /usr/lib/x86_64-linux-gnu/libXrender.so.1.3.0
7c9af8015000-7c9af8019000 r--p 00000000 fc:01 242762080                  /usr/lib/x86_64-linux-gnu/libXext.so.6.4.0
7c9af8019000-7c9af8024000 r-xp 00004000 fc:01 242762080                  /usr/lib/x86_64-linux-gnu/libXext.so.6.4.0
7c9af8024000-7c9af8027000 r--p 0000f000 fc:01 242762080                  /usr/lib/x86_64-linux-gnu/libXext.so.6.4.0
7c9af8027000-7c9af8028000 r--p 00011000 fc:01 242762080                  /usr/lib/x86_64-linux-gnu/libXext.so.6.4.0
7c9af8028000-7c9af8029000 rw-p 00012000 fc:01 242762080                  /usr/lib/x86_64-linux-gnu/libXext.so.6.4.0
7c9af8029000-7c9af802a000 rw-s 00000000 00:07 1426                       /dev/nvidiactl
7c9af802a000-7c9af802b000 rw-s 00000000 00:01 29149                      /memfd:lp_dma_buf (deleted)
7c9af802b000-7c9af802c000 r--s 00000000 00:07 1426                       /dev/nvidiactl
7c9af802c000-7c9af802d000 rw-s 00000000 00:01 3133                       /memfd:pipewire-memfd:flags=0x0000000f,type=2,size=2312 (deleted)
7c9af802d000-7c9af802f000 r--p 00000000 fc:01 242754087                  /usr/lib/x86_64-linux-gnu/spa-0.2/support/libspa-dbus.so
7c9af802f000-7c9af8032000 r-xp 00002000 fc:01 242754087                  /usr/lib/x86_64-linux-gnu/spa-0.2/support/libspa-dbus.so
7c9af8032000-7c9af8033000 r--p 00005000 fc:01 242754087                  /usr/lib/x86_64-linux-gnu/spa-0.2/support/libspa-dbus.so
7c9af8033000-7c9af8034000 r--p 00005000 fc:01 242754087                  /usr/lib/x86_64-linux-gnu/spa-0.2/support/libspa-dbus.so
7c9af8034000-7c9af8035000 rw-p 00006000 fc:01 242754087                  /usr/lib/x86_64-linux-gnu/spa-0.2/support/libspa-dbus.so
7c9af8035000-7c9af8036000 r--p 00000000 fc:01 242754292                  /usr/lib/x86_64-linux-gnu/spa-0.2/support/libspa-journal.so
7c9af8036000-7c9af8038000 r-xp 00001000 fc:01 242754292                  /usr/lib/x86_64-linux-gnu/spa-0.2/support/libspa-journal.so
7c9af8038000-7c9af8039000 r--p 00003000 fc:01 242754292                  /usr/lib/x86_64-linux-gnu/spa-0.2/support/libspa-journal.so
7c9af8039000-7c9af803a000 r--p 00003000 fc:01 242754292                  /usr/lib/x86_64-linux-gnu/spa-0.2/support/libspa-journal.so
7c9af803a000-7c9af803b000 rw-p 00004000 fc:01 242754292                  /usr/lib/x86_64-linux-gnu/spa-0.2/support/libspa-journal.so
7c9af803b000-7c9af837f000 rw-p 00000000 00:00 0 
7c9af837f000-7c9af8682000 rw-p 00000000 00:00 0 
7c9af8682000-7c9af9d33000 rw-p 00000000 00:00 0 
7c9af9d33000-7c9af9e17000 ---p 00000000 00:00 0 
7c9af9e17000-7c9af9e20000 rw-p 00000000 00:00 0 
7c9af9e20000-7c9af9f00000 ---p 00000000 00:00 0 
7c9af9f00000-7c9af9f04000 ---p 00000000 00:00 0 
7c9af9f04000-7c9afa000000 rw-p 00000000 00:00 0 
7c9afa000000-7c9afa0a3000 r--p 00000000 fc:01 242756991                  /usr/lib/x86_64-linux-gnu/libstdc++.so.6.0.35
7c9afa0a3000-7c9afa1fe000 r-xp 000a3000 fc:01 242756991                  /usr/lib/x86_64-linux-gnu/libstdc++.so.6.0.35
7c9afa1fe000-7c9afa28a000 r--p 001fe000 fc:01 242756991                  /usr/lib/x86_64-linux-gnu/libstdc++.so.6.0.35
7c9afa28a000-7c9afa299000 r--p 0028a000 fc:01 242756991                  /usr/lib/x86_64-linux-gnu/libstdc++.so.6.0.35
7c9afa299000-7c9afa29c000 rw-p 00299000 fc:01 242756991                  /usr/lib/x86_64-linux-gnu/libstdc++.so.6.0.35
7c9afa29c000-7c9afa2a0000 rw-p 00000000 00:00 0 
7c9afa2a0000-7c9afa2a1000 rw-s 00000000 00:01 15675                      /memfd:pipewire-memfd:flags=0x0000000f,type=2,size=4096 (deleted)
7c9afa2a1000-7c9afa2a2000 rw-s 00000000 00:01 15674                      /memfd:pipewire-memfd:flags=0x0000000f,type=2,size=2312 (deleted)
7c9afa2a2000-7c9afa2a3000 rw-s 00000000 00:01 22722                      /memfd:pipewire-memfd:flags=0x0000000f,type=2,size=2312 (deleted)
7c9afa2a3000-7c9afa2a4000 rw-p 00000000 00:00 0 
7c9afa2a4000-7c9afa2a5000 r--p 00000000 fc:01 242761408                  /usr/lib/x86_64-linux-gnu/libxcb-shm.so.0.0.0
7c9afa2a5000-7c9afa2a6000 r-xp 00001000 fc:01 242761408                  /usr/lib/x86_64-linux-gnu/libxcb-shm.so.0.0.0
7c9afa2a6000-7c9afa2a7000 r--p 00002000 fc:01 242761408                  /usr/lib/x86_64-linux-gnu/libxcb-shm.so.0.0.0
7c9afa2a7000-7c9afa2a8000 r--p 00002000 fc:01 242761408                  /usr/lib/x86_64-linux-gnu/libxcb-shm.so.0.0.0
7c9afa2a8000-7c9afa2a9000 rw-p 00003000 fc:01 242761408                  /usr/lib/x86_64-linux-gnu/libxcb-shm.so.0.0.0
7c9afa2a9000-7c9afa2da000 rw-p 00000000 00:00 0 
7c9afa2da000-7c9afa2ec000 r--p 00000000 fc:01 242760185                  /usr/lib/x86_64-linux-gnu/libm.so.6
7c9afa2ec000-7c9afa38c000 r-xp 00012000 fc:01 242760185                  /usr/lib/x86_64-linux-gnu/libm.so.6
7c9afa38c000-7c9afa3fe000 r--p 000b2000 fc:01 242760185                  /usr/lib/x86_64-linux-gnu/libm.so.6
7c9afa3fe000-7c9afa3ff000 r--p 00123000 fc:01 242760185                  /usr/lib/x86_64-linux-gnu/libm.so.6
7c9afa3ff000-7c9afa400000 rw-p 00124000 fc:01 242760185                  /usr/lib/x86_64-linux-gnu/libm.so.6
7c9afa400000-7c9afa655000 r--p 00000000 fc:01 42337058                   /usr/lib/jvm/java-17-openjdk-amd64/lib/server/libjvm.so
7c9afa655000-7c9afb428000 r-xp 00255000 fc:01 42337058                   /usr/lib/jvm/java-17-openjdk-amd64/lib/server/libjvm.so
7c9afb428000-7c9afb6a4000 r--p 01028000 fc:01 42337058                   /usr/lib/jvm/java-17-openjdk-amd64/lib/server/libjvm.so
7c9afb6a4000-7c9afb75d000 r--p 012a4000 fc:01 42337058                   /usr/lib/jvm/java-17-openjdk-amd64/lib/server/libjvm.so
7c9afb75d000-7c9afb792000 rw-p 0135d000 fc:01 42337058                   /usr/lib/jvm/java-17-openjdk-amd64/lib/server/libjvm.so
7c9afb792000-7c9afb7ed000 rw-p 00000000 00:00 0 
7c9afb7ed000-7c9afb7f3000 r--p 00000000 fc:01 242746560                  /usr/lib/x86_64-linux-gnu/libwayland-client.so.0.24.0
7c9afb7f3000-7c9afb7fa000 r-xp 00006000 fc:01 242746560                  /usr/lib/x86_64-linux-gnu/libwayland-client.so.0.24.0
7c9afb7fa000-7c9afb7fd000 r--p 0000d000 fc:01 242746560                  /usr/lib/x86_64-linux-gnu/libwayland-client.so.0.24.0
7c9afb7fd000-7c9afb7ff000 r--p 0000f000 fc:01 242746560                  /usr/lib/x86_64-linux-gnu/libwayland-client.so.0.24.0
7c9afb7ff000-7c9afb800000 rw-p 00011000 fc:01 242746560                  /usr/lib/x86_64-linux-gnu/libwayland-client.so.0.24.0
7c9afb800000-7c9afb828000 r--p 00000000 fc:01 242760182                  /usr/lib/x86_64-linux-gnu/libc.so.6
7c9afb828000-7c9afb9c0000 r-xp 00028000 fc:01 242760182                  /usr/lib/x86_64-linux-gnu/libc.so.6
7c9afb9c0000-7c9afba0e000 r--p 001c0000 fc:01 242760182                  /usr/lib/x86_64-linux-gnu/libc.so.6
7c9afba0e000-7c9afba12000 r--p 0020d000 fc:01 242760182                  /usr/lib/x86_64-linux-gnu/libc.so.6
7c9afba12000-7c9afba14000 rw-p 00211000 fc:01 242760182                  /usr/lib/x86_64-linux-gnu/libc.so.6
7c9afba14000-7c9afba21000 rw-p 00000000 00:00 0 
7c9afba21000-7c9afba22000 rw-p 00000000 00:00 0 
7c9afba22000-7c9afba23000 r--p 00000000 fc:01 242749870                  /usr/lib/x86_64-linux-gnu/libwayland-egl.so.1.24.0
7c9afba23000-7c9afba24000 r-xp 00001000 fc:01 242749870                  /usr/lib/x86_64-linux-gnu/libwayland-egl.so.1.24.0
7c9afba24000-7c9afba25000 r--p 00002000 fc:01 242749870                  /usr/lib/x86_64-linux-gnu/libwayland-egl.so.1.24.0
7c9afba25000-7c9afba26000 r--p 00002000 fc:01 242749870                  /usr/lib/x86_64-linux-gnu/libwayland-egl.so.1.24.0
7c9afba26000-7c9afba27000 rw-p 00003000 fc:01 242749870                  /usr/lib/x86_64-linux-gnu/libwayland-egl.so.1.24.0
7c9afba27000-7c9afba28000 r--p 00000000 fc:01 242760196                  /usr/lib/x86_64-linux-gnu/librt.so.1
7c9afba28000-7c9afba29000 r-xp 00001000 fc:01 242760196                  /usr/lib/x86_64-linux-gnu/librt.so.1
7c9afba29000-7c9afba2a000 r--p 00002000 fc:01 242760196                  /usr/lib/x86_64-linux-gnu/librt.so.1
7c9afba2a000-7c9afba2b000 r--p 00002000 fc:01 242760196                  /usr/lib/x86_64-linux-gnu/librt.so.1
7c9afba2b000-7c9afba2c000 rw-p 00003000 fc:01 242760196                  /usr/lib/x86_64-linux-gnu/librt.so.1
7c9afba2c000-7c9afba2d000 rw-p 00000000 00:00 0 
7c9afba2d000-7c9afba2e000 r-xp 00059000 00:34 148790                     /tmp/lwjgl_jw/3.3.3-snapshot/x64/liblwjgl.so
7c9afba2e000-7c9afba2f000 rw-p 00000000 00:00 0 
7c9afba2f000-7c9afba30000 r--p 00000000 fc:01 242760194                  /usr/lib/x86_64-linux-gnu/libpthread.so.0
7c9afba30000-7c9afba31000 r-xp 00001000 fc:01 242760194                  /usr/lib/x86_64-linux-gnu/libpthread.so.0
7c9afba31000-7c9afba32000 r--p 00002000 fc:01 242760194                  /usr/lib/x86_64-linux-gnu/libpthread.so.0
7c9afba32000-7c9afba33000 r--p 00002000 fc:01 242760194                  /usr/lib/x86_64-linux-gnu/libpthread.so.0
7c9afba33000-7c9afba34000 rw-p 00003000 fc:01 242760194                  /usr/lib/x86_64-linux-gnu/libpthread.so.0
7c9afba34000-7c9afba38000 r--p 00000000 fc:01 42337043                   /usr/lib/jvm/java-17-openjdk-amd64/lib/libnet.so
7c9afba38000-7c9afba46000 r-xp 00004000 fc:01 42337043                   /usr/lib/jvm/java-17-openjdk-amd64/lib/libnet.so
7c9afba46000-7c9afba4a000 r--p 00012000 fc:01 42337043                   /usr/lib/jvm/java-17-openjdk-amd64/lib/libnet.so
7c9afba4a000-7c9afba4b000 r--p 00015000 fc:01 42337043                   /usr/lib/jvm/java-17-openjdk-amd64/lib/libnet.so
7c9afba4b000-7c9afba4c000 rw-p 00016000 fc:01 42337043                   /usr/lib/jvm/java-17-openjdk-amd64/lib/libnet.so
7c9afba4c000-7c9afba53000 r--p 00000000 fc:01 42337044                   /usr/lib/jvm/java-17-openjdk-amd64/lib/libnio.so
7c9afba53000-7c9afba5c000 r-xp 00007000 fc:01 42337044                   /usr/lib/jvm/java-17-openjdk-amd64/lib/libnio.so
7c9afba5c000-7c9afba60000 r--p 00010000 fc:01 42337044                   /usr/lib/jvm/java-17-openjdk-amd64/lib/libnio.so
7c9afba60000-7c9afba61000 r--p 00014000 fc:01 42337044                   /usr/lib/jvm/java-17-openjdk-amd64/lib/libnio.so
7c9afba61000-7c9afba62000 rw-p 00015000 fc:01 42337044                   /usr/lib/jvm/java-17-openjdk-amd64/lib/libnio.so
7c9afba62000-7c9afba6e000 r--p 00000000 fc:01 42337030                   /usr/lib/jvm/java-17-openjdk-amd64/lib/libjava.so
7c9afba6e000-7c9afba81000 r-xp 0000c000 fc:01 42337030                   /usr/lib/jvm/java-17-openjdk-amd64/lib/libjava.so
7c9afba81000-7c9afba87000 r--p 0001f000 fc:01 42337030                   /usr/lib/jvm/java-17-openjdk-amd64/lib/libjava.so
7c9afba87000-7c9afba88000 r--p 00024000 fc:01 42337030                   /usr/lib/jvm/java-17-openjdk-amd64/lib/libjava.so
7c9afba88000-7c9afba89000 rw-p 00025000 fc:01 42337030                   /usr/lib/jvm/java-17-openjdk-amd64/lib/libjava.so
7c9afba89000-7c9afba8a000 rw-p 00000000 00:00 0 
7c9afba8a000-7c9afba8e000 r--p 00000000 fc:01 242746564                  /usr/lib/x86_64-linux-gnu/libgcc_s.so.1
7c9afba8e000-7c9afbab2000 r-xp 00004000 fc:01 242746564                  /usr/lib/x86_64-linux-gnu/libgcc_s.so.1
7c9afbab2000-7c9afbab6000 r--p 00028000 fc:01 242746564                  /usr/lib/x86_64-linux-gnu/libgcc_s.so.1
7c9afbab6000-7c9afbab7000 r--p 0002c000 fc:01 242746564                  /usr/lib/x86_64-linux-gnu/libgcc_s.so.1
7c9afbab7000-7c9afbab8000 rw-p 0002d000 fc:01 242746564                  /usr/lib/x86_64-linux-gnu/libgcc_s.so.1
7c9afbab8000-7c9afbaba000 rw-p 00000000 00:00 0 
7c9afbaba000-7c9afbabc000 r--p 00000000 fc:01 42337034                   /usr/lib/jvm/java-17-openjdk-amd64/lib/libjli.so
7c9afbabc000-7c9afbac6000 r-xp 00002000 fc:01 42337034                   /usr/lib/jvm/java-17-openjdk-amd64/lib/libjli.so
7c9afbac6000-7c9afbac9000 r--p 0000c000 fc:01 42337034                   /usr/lib/jvm/java-17-openjdk-amd64/lib/libjli.so
7c9afbac9000-7c9afbaca000 r--p 0000f000 fc:01 42337034                   /usr/lib/jvm/java-17-openjdk-amd64/lib/libjli.so
7c9afbaca000-7c9afbacb000 rw-p 00010000 fc:01 42337034                   /usr/lib/jvm/java-17-openjdk-amd64/lib/libjli.so
7c9afbacb000-7c9afbace000 r--p 00000000 fc:01 242745723                  /usr/lib/x86_64-linux-gnu/libz.so.1.3.1
7c9afbace000-7c9afbae1000 r-xp 00003000 fc:01 242745723                  /usr/lib/x86_64-linux-gnu/libz.so.1.3.1
7c9afbae1000-7c9afbae7000 r--p 00016000 fc:01 242745723                  /usr/lib/x86_64-linux-gnu/libz.so.1.3.1
7c9afbae7000-7c9afbae8000 r--p 0001c000 fc:01 242745723                  /usr/lib/x86_64-linux-gnu/libz.so.1.3.1
7c9afbae8000-7c9afbae9000 rw-p 0001d000 fc:01 242745723                  /usr/lib/x86_64-linux-gnu/libz.so.1.3.1
7c9afbae9000-7c9afbaea000 r--p 00000000 fc:01 242760184                  /usr/lib/x86_64-linux-gnu/libdl.so.2
7c9afbaea000-7c9afbaeb000 r-xp 00001000 fc:01 242760184                  /usr/lib/x86_64-linux-gnu/libdl.so.2
7c9afbaeb000-7c9afbaec000 r--p 00002000 fc:01 242760184                  /usr/lib/x86_64-linux-gnu/libdl.so.2
7c9afbaec000-7c9afbaed000 r--p 00002000 fc:01 242760184                  /usr/lib/x86_64-linux-gnu/libdl.so.2
7c9afbaed000-7c9afbaee000 rw-p 00003000 fc:01 242760184                  /usr/lib/x86_64-linux-gnu/libdl.so.2
7c9afbaee000-7c9afbaf0000 r--p 00000000 fc:01 42337051                   /usr/lib/jvm/java-17-openjdk-amd64/lib/libzip.so
7c9afbaf0000-7c9afbaf5000 r-xp 00002000 fc:01 42337051                   /usr/lib/jvm/java-17-openjdk-amd64/lib/libzip.so
7c9afbaf5000-7c9afbaf7000 r--p 00007000 fc:01 42337051                   /usr/lib/jvm/java-17-openjdk-amd64/lib/libzip.so
7c9afbaf7000-7c9afbaf8000 r--p 00008000 fc:01 42337051                   /usr/lib/jvm/java-17-openjdk-amd64/lib/libzip.so
7c9afbaf8000-7c9afbaf9000 rw-p 00009000 fc:01 42337051                   /usr/lib/jvm/java-17-openjdk-amd64/lib/libzip.so
7c9afbaf9000-7c9afbb00000 rw-p 00000000 00:00 0 
7c9afbb00000-7c9afbb08000 ---p 00000000 00:00 0 
7c9afbb08000-7c9afbb10000 rw-s 00000000 00:34 219649                     /tmp/hsperfdata_jw/2225185 (deleted)
7c9afbb10000-7c9afbb11000 ---p 00000000 00:00 0 
7c9afbb11000-7c9afbb12000 r--p 00000000 00:00 0 
7c9afbb12000-7c9afbb13000 ---p 00000000 00:00 0 
7c9afbb13000-7c9afbb15000 r--p 00000000 fc:01 42337033                   /usr/lib/jvm/java-17-openjdk-amd64/lib/libjimage.so
7c9afbb15000-7c9afbb18000 r-xp 00002000 fc:01 42337033                   /usr/lib/jvm/java-17-openjdk-amd64/lib/libjimage.so
7c9afbb18000-7c9afbb19000 r--p 00005000 fc:01 42337033                   /usr/lib/jvm/java-17-openjdk-amd64/lib/libjimage.so
7c9afbb19000-7c9afbb1a000 r--p 00006000 fc:01 42337033                   /usr/lib/jvm/java-17-openjdk-amd64/lib/libjimage.so
7c9afbb1a000-7c9afbb1b000 rw-p 00007000 fc:01 42337033                   /usr/lib/jvm/java-17-openjdk-amd64/lib/libjimage.so
7c9afbb1b000-7c9afbb1d000 rw-p 00000000 00:00 0 
7c9afbb1d000-7c9afbb21000 r--p 00000000 00:00 0                          [vvar]
7c9afbb21000-7c9afbb23000 r--p 00000000 00:00 0                          [vvar_vclock]
7c9afbb23000-7c9afbb25000 r-xp 00000000 00:00 0                          [vdso]
7c9afbb25000-7c9afbb26000 r--p 00000000 fc:01 242760179                  /usr/lib/x86_64-linux-gnu/ld-linux-x86-64.so.2
7c9afbb26000-7c9afbb55000 r-xp 00001000 fc:01 242760179                  /usr/lib/x86_64-linux-gnu/ld-linux-x86-64.so.2
7c9afbb55000-7c9afbb60000 r--p 00030000 fc:01 242760179                  /usr/lib/x86_64-linux-gnu/ld-linux-x86-64.so.2
7c9afbb60000-7c9afbb62000 r--p 0003b000 fc:01 242760179                  /usr/lib/x86_64-linux-gnu/ld-linux-x86-64.so.2
7c9afbb62000-7c9afbb63000 rw-p 0003d000 fc:01 242760179                  /usr/lib/x86_64-linux-gnu/ld-linux-x86-64.so.2
7c9afbb63000-7c9afbb64000 rw-p 00000000 00:00 0 
7fff55230000-7fff55251000 rw-p 00000000 00:00 0                          [stack]
ffffffffff600000-ffffffffff601000 --xp 00000000 00:00 0                  [vsyscall]


VM Arguments:
java_command: com.suchsoftware.bauhausecho.lwjgl3.Lwjgl3ScreensaverLauncher --wallpaper
java_class_path (initial): /home/jw/src/bauhaus-echo/lwjgl3/build/libs/bauhaus-echo-1.4.0.jar
Launcher Type: SUN_STANDARD

[Global flags]
     intx CICompilerCount                          = 12                                        {product} {ergonomic}
     uint ConcGCThreads                            = 5                                         {product} {ergonomic}
     uint G1ConcRefinementThreads                  = 20                                        {product} {ergonomic}
   size_t G1HeapRegionSize                         = 16777216                                  {product} {ergonomic}
    uintx GCDrainStackTargetSize                   = 64                                        {product} {ergonomic}
   size_t InitialHeapSize                          = 2080374784                                {product} {ergonomic}
   size_t MarkStackSize                            = 4194304                                   {product} {ergonomic}
   size_t MaxHeapSize                              = 32178700288                               {product} {ergonomic}
   size_t MaxNewSize                               = 19293798400                               {product} {ergonomic}
   size_t MinHeapDeltaBytes                        = 16777216                                  {product} {ergonomic}
   size_t MinHeapSize                              = 16777216                                  {product} {ergonomic}
    uintx NonNMethodCodeHeapSize                   = 7602480                                {pd product} {ergonomic}
    uintx NonProfiledCodeHeapSize                  = 122027880                              {pd product} {ergonomic}
    uintx ProfiledCodeHeapSize                     = 122027880                              {pd product} {ergonomic}
    uintx ReservedCodeCacheSize                    = 251658240                              {pd product} {ergonomic}
     bool SegmentedCodeCache                       = true                                      {product} {ergonomic}
   size_t SoftMaxHeapSize                          = 32178700288                            {manageable} {ergonomic}
     bool UseCompressedClassPointers               = true                           {product lp64_product} {ergonomic}
     bool UseCompressedOops                        = true                           {product lp64_product} {ergonomic}
     bool UseG1GC                                  = true                                      {product} {ergonomic}

Logging:
Log output configuration:
 #0: stdout all=off uptime,level,tags
 #1: stderr all=off uptime,level,tags

Environment Variables:
PATH=/home/jw/.local/bin:/home/jw/bin:/usr/local/sbin:/usr/local/bin:/usr/sbin:/usr/bin:/sbin:/bin:/usr/games:/usr/local/games:/snap/bin:/home/jw/.dotnet/tools
SHELL=/bin/bash
DISPLAY=
LANG=en_US.UTF-8

Active Locale:
LC_ALL=en_US.UTF-8
LC_COLLATE=en_US.UTF-8
LC_CTYPE=en_US.UTF-8
LC_MESSAGES=en_US.UTF-8
LC_MONETARY=en_US.UTF-8
LC_NUMERIC=en_US.UTF-8
LC_TIME=en_US.UTF-8

Signal Handlers:
   SIGSEGV: crash_handler in libjvm.so, mask=11100100010111111101111111111110, flags=SA_RESTART|SA_SIGINFO, unblocked
    SIGBUS: crash_handler in libjvm.so, mask=11100100010111111101111111111110, flags=SA_RESTART|SA_SIGINFO, unblocked
    SIGFPE: crash_handler in libjvm.so, mask=11100100010111111101111111111110, flags=SA_RESTART|SA_SIGINFO, unblocked
   SIGPIPE: javaSignalHandler in libjvm.so, mask=11100100010111111101111111111110, flags=SA_RESTART|SA_SIGINFO, blocked
   SIGXFSZ: javaSignalHandler in libjvm.so, mask=11100100010111111101111111111110, flags=SA_RESTART|SA_SIGINFO, blocked
    SIGILL: crash_handler in libjvm.so, mask=11100100010111111101111111111110, flags=SA_RESTART|SA_SIGINFO, unblocked
   SIGUSR2: SR_handler in libjvm.so, mask=00000000000000000000000000000000, flags=SA_RESTART|SA_SIGINFO, blocked
    SIGHUP: UserHandler in libjvm.so, mask=11100100010111111101111111111110, flags=SA_RESTART|SA_SIGINFO, blocked
    SIGINT: UserHandler in libjvm.so, mask=11100100010111111101111111111110, flags=SA_RESTART|SA_SIGINFO, blocked
   SIGTERM: UserHandler in libjvm.so, mask=11100100010111111101111111111110, flags=SA_RESTART|SA_SIGINFO, blocked
   SIGQUIT: UserHandler in libjvm.so, mask=11100100010111111101111111111110, flags=SA_RESTART|SA_SIGINFO, blocked
   SIGTRAP: crash_handler in libjvm.so, mask=11100100010111111101111111111110, flags=SA_RESTART|SA_SIGINFO, unblocked


Periodic native trim disabled


---------------  S Y S T E M  ---------------

OS:
DISTRIB_ID=Ubuntu
DISTRIB_RELEASE=26.04
DISTRIB_CODENAME=resolute
DISTRIB_DESCRIPTION="Ubuntu 26.04 LTS"
uname: Linux 7.0.0-28-generic #28-Ubuntu SMP PREEMPT_DYNAMIC Sun Jun 21 01:01:36 UTC 2026 x86_64
OS uptime: 0 days 20:35 hours
libc: glibc 2.43 NPTL 2.43 
rlimit (soft/hard): STACK 8192k/infinity , CORE infinity/infinity , NPROC 449318/449318 , NOFILE 524288/524288 , AS infinity/infinity , CPU infinity/infinity , DATA infinity/infinity , FSIZE infinity/infinity , MEMLOCK 8192k/8192k
load average: 10.23 5.88 3.47

/proc/meminfo:
MemTotal:       129189712 kB
MemFree:         3000728 kB
MemAvailable:   102250616 kB
Buffers:         4009100 kB
Cached:         94716556 kB
SwapCached:         1276 kB
Active:         18425800 kB
Inactive:       95323988 kB
Active(anon):   11228364 kB
Inactive(anon):  9252904 kB
Active(file):    7197436 kB
Inactive(file): 86071084 kB
Unevictable:     1978376 kB
Mlocked:             432 kB
SwapTotal:       8388604 kB
SwapFree:        8378780 kB
Zswap:                 0 kB
Zswapped:              0 kB
Dirty:             17204 kB
Writeback:             0 kB
AnonPages:      17001760 kB
Mapped:          3854740 kB
Shmem:           5457852 kB
KReclaimable:    7996616 kB
Slab:            9362648 kB
SReclaimable:    7996616 kB
SUnreclaim:      1366032 kB
KernelStack:       75968 kB
PageTables:       235332 kB
SecPageTables:     15724 kB
NFS_Unstable:          0 kB
Bounce:                0 kB
WritebackTmp:          0 kB
CommitLimit:    72983460 kB
Committed_AS:   103979604 kB
VmallocTotal:   34359738367 kB
VmallocUsed:      205716 kB
VmallocChunk:          0 kB
Percpu:            50848 kB
HardwareCorrupted:     0 kB
AnonHugePages:      2048 kB
ShmemHugePages:  2095104 kB
ShmemPmdMapped:        0 kB
FileHugePages:    653312 kB
FilePmdMapped:      4096 kB
CmaTotal:              0 kB
CmaFree:         1220000 kB
Unaccepted:            0 kB
Balloon:               0 kB
HugePages_Total:       0
HugePages_Free:        0
HugePages_Rsvd:        0
HugePages_Surp:        0
Hugepagesize:       2048 kB
Hugetlb:               0 kB
DirectMap4k:    11192512 kB
DirectMap2M:    97513472 kB
DirectMap1G:    26214400 kB

/sys/kernel/mm/transparent_hugepage/enabled: always [madvise] never
/sys/kernel/mm/transparent_hugepage/hpage_pmd_size: 2097152
/sys/kernel/mm/transparent_hugepage/defrag (defrag/compaction efforts parameter): always defer defer+madvise [madvise] never

Process Memory:
Virtual Size: 41246884K (peak: 41322332K)
Resident Set Size: 620372K (peak: 620372K) (anon: 437428K, file: 139536K, shmem: 43408K)
Swapped out: 0K
C-Heap outstanding allocations: 322960K, retained: 61939K
glibc malloc tunables: (default)

/proc/sys/kernel/threads-max (system-wide limit on the number of threads): 898636
/proc/sys/vm/max_map_count (maximum number of memory map areas a process may have): 1048576
/proc/sys/vm/swappiness (control to define how aggressively the kernel swaps out anonymous memory): 60
/proc/sys/kernel/pid_max (system-wide limit on number of process identifiers): 4194304

container information not found.
Steal ticks since vm start: 0
Steal ticks percentage since vm start:  0.000

CPU: total 28 (initial active 28) (28 cores per cpu, 1 threads per core) family 6 model 183 stepping 1 microcode 0x133, cx8, cmov, fxsr, mmx, 3dnowpref, sse, sse2, sse3, ssse3, sse4.1, sse4.2, popcnt, lzcnt, tsc, tscinvbit, avx, avx2, aes, erms, clmul, bmi1, bmi2, adx, sha, fma, vzeroupper, clflush, clflushopt, clwb
CPU Model and flags from /proc/cpuinfo:
model name	: Intel(R) Core(TM) i7-14700HX
flags		: fpu vme de pse tsc msr pae mce cx8 apic sep mtrr pge mca cmov pat pse36 clflush dts acpi mmx fxsr sse sse2 ss ht tm pbe syscall nx pdpe1gb rdtscp lm constant_tsc art arch_perfmon pebs bts rep_good nopl xtopology nonstop_tsc cpuid aperfmperf tsc_known_freq pni pclmulqdq dtes64 monitor ds_cpl vmx est tm2 ssse3 sdbg fma cx16 xtpr pdcm pcid sse4_1 sse4_2 x2apic movbe popcnt tsc_deadline_timer aes xsave avx f16c rdrand lahf_lm abm 3dnowprefetch cpuid_fault epb ssbd ibrs ibpb stibp ibrs_enhanced tpr_shadow flexpriority ept vpid ept_ad fsgsbase tsc_adjust bmi1 avx2 smep bmi2 erms invpcid rdseed adx smap clflushopt clwb intel_pt sha_ni xsaveopt xsavec xgetbv1 xsaves split_lock_detect user_shstk avx_vnni dtherm ida arat pln pts hwp hwp_notify hwp_act_window hwp_epp hwp_pkg_req hfi vnmi umip pku ospke waitpkg gfni vaes vpclmulqdq rdpid movdiri movdir64b fsrm md_clear serialize arch_lbr ibt flush_l1d arch_capabilities

Online cpus: 0-27
Offline cpus: 
BIOS frequency limitation: <Not Available>
Frequency switch latency (ns): 0
Available cpu frequencies: <Not Available>
Current governor: powersave
Core performance/turbo boost: <Not Available>

Memory: 4k page, physical 129189712k(3000728k free), swap 8388604k(8378780k free)
Page Sizes: 4k

vm_info: OpenJDK 64-Bit Server VM (17.0.19+10-1-26.04.2-Ubuntu) for linux-amd64 JRE (17.0.19+10-1-26.04.2-Ubuntu), built on Apr 26 2026 13:04:16 by "buildd" with gcc 15.2.0

END.
